,Area,longitude,latitude,Item,Element,Unit,Y2000,Y2001,Y2002,Y2003,Y2004,Y2005,Y2006,Y2007,Y2008,Y2009,Y2010,Y2011,Y2012,Y2013,Y2014,Y2015,Y2016,Y2017,Y2018,Y2019,Y2020
199,Afghanistan,67.709953,33.93911,"Cereals, Total",Yield,hg/ha,8063.0,10067.0,16698.0,14580.0,13348.0,17904.0,15517.0,19153.0,14554.0,20407.0,20111.0,16599.0,20296.0,20485.0,20175.0,21322.0,19804.0,20232.0,21626.0,21134.0,19799.0
200,Afghanistan,67.709953,33.93911,"Cereals, Total",Production,tonnes,1940000.0,2108000.0,3737000.0,4381000.0,3560000.0,5425000.0,4638000.0,5786000.0,3950000.0,6514000.0,5957000.0,4681020.0,6379000.0,6520329.0,6748023.0,5808288.0,5532695.0,4894365.0,4134191.0,5583461.0,6025977.0
533,Albania,20.168331,41.153332,"Cereals, Total",Yield,hg/ha,31751.0,30308.0,32919.0,31857.0,34663.0,34621.0,36026.0,37284.0,40812.0,43153.0,47618.0,47507.0,48838.0,49498.0,48926.0,48738.0,47164.0,48130.0,48405.0,50382.0,52092.0
534,Albania,20.168331,41.153332,"Cereals, Total",Production,tonnes,565800.0,502500.0,518800.0,488500.0,498800.0,511200.0,507500.0,493600.0,608500.0,630900.0,693800.0,701200.0,697400.0,702870.0,700370.0,695000.0,698430.0,701734.0,678196.0,666065.0,684023.0
876,Algeria,1.659626,28.033886,"Cereals, Total",Yield,hg/ha,8833.0,11069.0,10586.0,14703.0,13441.0,15008.0,15037.0,12534.0,10340.0,16539.0,14743.0,16433.0,16776.0,18131.0,13692.0,14002.0,10204.0,9903.0,19520.0,17674.0,15204.0
877,Algeria,1.659626,28.033886,"Cereals, Total",Production,tonnes,934656.0,2659595.0,1953325.0,4266387.0,4033242.0,3527824.0,4018105.0,3602256.0,1536002.0,5253472.0,4211355.0,4247535.0,5137455.0,4912551.0,3435535.0,3761230.0,3445228.0,3478161.0,6066235.0,5633586.0,4393322.0
1097,Angola,17.873887,-11.202692,"Cereals, Total",Yield,hg/ha,5644.0,5854.0,6272.0,6461.0,4917.0,5834.0,4459.0,4643.0,6527.0,5714.0,6293.0,6624.0,5520.0,8144.0,8882.0,9824.0,8654.0,8062.0,9391.0,9528.0,9066.0
1098,Angola,17.873887,-11.202692,"Cereals, Total",Production,tonnes,519635.0,601120.0,733819.0,736542.0,742341.0,914886.0,723305.0,780963.0,754711.0,1056844.0,1181944.0,1412826.0,509545.0,1674598.0,1823231.0,2019544.0,2363287.0,2496354.0,2876750.0,2920433.0,2427955.0
1289,Antigua and Barbuda,-61.796428,17.060816,"Cereals, Total",Yield,hg/ha,16000.0,16452.0,15625.0,15714.0,15789.0,16053.0,16250.0,16250.0,16190.0,15714.0,15750.0,16000.0,15909.0,16000.0,15652.0,15957.0,18571.0,21071.0,22500.0,24000.0,36667.0
1290,Antigua and Barbuda,-61.796428,17.060816,"Cereals, Total",Production,tonnes,48.0,51.0,50.0,55.0,60.0,61.0,65.0,65.0,68.0,66.0,63.0,72.0,70.0,72.0,72.0,75.0,65.0,59.0,54.0,48.0,11.0
1677,Argentina,-63.616672,-38.416097,"Cereals, Total",Yield,hg/ha,34618.0,33986.0,32757.0,33087.0,36588.0,40758.0,37076.0,42940.0,41165.0,32493.0,48762.0,45963.0,41624.0,47956.0,48273.0,47791.0,52034.0,54045.0,46710.0,55237.0,52126.0
1678,Argentina,-63.616672,-38.416097,"Cereals, Total",Production,tonnes,37983923.0,36655385.0,35057269.0,32473165.0,34193141.0,41947408.0,32262738.0,42067213.0,44956952.0,26147049.0,39769212.0,50916576.0,47372117.0,50742603.0,50794076.0,55980088.0,61148033.0,76397805.0,70592400.0,84534610.0,86573396.0
1940,Armenia,45.038189,40.069099,"Cereals, Total",Yield,hg/ha,13830.0,18787.0,22047.0,15671.0,22808.0,19387.0,13239.0,25926.0,24050.0,22503.0,20682.0,27890.0,26505.0,30725.0,31816.0,31321.0,30761.0,19751.0,26236.0,16906.0,20558.0
1941,Armenia,45.038189,40.069099,"Cereals, Total",Production,tonnes,216970.0,360144.0,407583.0,305303.0,451641.0,391829.0,208587.0,447554.0,409182.0,369076.0,321954.0,435470.0,451049.0,543659.0,574673.0,595757.0,598966.0,298029.0,334342.0,195063.0,242012.0
2350,Australia,133.775136,-25.274398,"Cereals, Total",Yield,hg/ha,19623.0,19596.0,21975.0,10207.0,21164.0,16946.0,21117.0,9813.0,13327.0,16514.0,16615.0,20975.0,22316.0,19361.0,21379.0,20273.0,20752.0,26742.0,20358.0,17689.0,16505.0
2351,Australia,133.775136,-25.274398,"Cereals, Total",Production,tonnes,34446938.0,34718062.0,38590113.0,17553202.0,42384122.0,34357112.0,40504980.0,17771911.0,26866214.0,34140449.0,33464873.0,39973082.0,43362426.0,35589235.0,38420402.0,37195915.0,35229824.0,50049336.0,33860457.0,29236374.0,26613793.0
2736,Austria,14.550072,47.516231,"Cereals, Total",Yield,hg/ha,54039.0,58562.0,58310.0,52554.0,64955.0,61331.0,57218.0,58442.0,68073.0,61495.0,59031.0,70567.0,60029.0,58468.0,70467.0,61981.0,72464.0,62606.0,61458.0,69543.0,73864.0
2737,Austria,14.550072,47.516231,"Cereals, Total",Production,tonnes,4494383.0,4837094.0,4762612.0,4269510.0,5323714.0,4907057.0,4467511.0,4766040.0,5756464.0,5164153.0,4866649.0,5712207.0,4883378.0,4599433.0,5720310.0,4853896.0,5701698.0,4874849.0,4787200.0,5399310.0,5649770.0
3058,Azerbaijan,47.576927,40.143105,"Cereals, Total",Yield,hg/ha,23352.0,26007.0,26232.0,26041.0,25888.0,25931.0,25993.0,26674.0,27415.0,26067.0,20206.0,24844.0,26597.0,26923.0,23436.0,30836.0,30047.0,29405.0,30087.0,32267.0,32174.0
3059,Azerbaijan,47.576927,40.143105,"Cereals, Total",Production,tonnes,1496225.0,1955915.0,2133184.0,1993208.0,2086640.0,2056186.0,2011622.0,1943653.0,2419911.0,2903361.0,1928779.0,2370823.0,2707274.0,2856572.0,2298047.0,2898559.0,2965670.0,2824527.0,3181819.0,3416765.0,3151182.0
3239,Bahamas,-77.39628,25.03428,"Cereals, Total",Yield,hg/ha,24762.0,30000.0,30500.0,34000.0,35500.0,36000.0,38000.0,40000.0,47619.0,60000.0,75333.0,73085.0,73404.0,74301.0,75604.0,82917.0,77529.0,78072.0,79250.0,77952.0,78415.0
3240,Bahamas,-77.39628,25.03428,"Cereals, Total",Production,tonnes,312.0,300.0,305.0,340.0,355.0,360.0,380.0,400.0,500.0,600.0,678.0,687.0,690.0,691.0,688.0,597.0,659.0,648.0,634.0,647.0,643.0
3731,Bangladesh,90.356331,23.684994,"Cereals, Total",Yield,hg/ha,33844.0,33110.0,33950.0,34793.0,34394.0,36816.0,37614.0,40209.0,41025.0,41760.0,42883.0,43528.0,43958.0,45086.0,45409.0,45604.0,46010.0,47060.0,47910.0,48108.0,49013.0
3732,Bangladesh,90.356331,23.684994,"Cereals, Total",Production,tonnes,39503000.0,38029335.0,39341455.0,40015280.0,37759046.0,41146756.0,42044685.0,44841300.0,48946800.0,49735853.0,51862850.0,52628364.0,52801014.0,54357477.0,55241123.0,55438379.0,54262297.0,58495624.0,58812144.0,59182139.0,59960399.0
3929,Barbados,-59.543198,13.193887,"Cereals, Total",Yield,hg/ha,26087.0,26042.0,26265.0,26300.0,26596.0,27368.0,27000.0,26667.0,27347.0,28280.0,28889.0,29889.0,32000.0,28333.0,27000.0,27111.0,27429.0,28462.0,27949.0,28000.0,30000.0
3930,Barbados,-59.543198,13.193887,"Cereals, Total",Production,tonnes,300.0,250.0,218.0,263.0,250.0,260.0,270.0,280.0,268.0,263.0,260.0,269.0,320.0,340.0,81.0,122.0,96.0,74.0,109.0,42.0,12.0
4195,Belarus,27.953389,53.709807,"Cereals, Total",Yield,hg/ha,19497.0,20007.0,24778.0,24330.0,29861.0,28485.0,25505.0,28809.0,35497.0,33679.0,28083.0,32414.0,34791.0,30078.0,37205.0,36902.0,32073.0,33587.0,27239.0,30956.0,35399.0
4196,Belarus,27.953389,53.709807,"Cereals, Total",Production,tonnes,4579256.0,4885397.0,5723737.0,5132062.0,6604944.0,6104299.0,5700181.0,7029909.0,8728461.0,8169504.0,6741684.0,7996331.0,8843848.0,7233152.0,9033775.0,8186980.0,7075658.0,7529412.0,5813781.0,6991979.0,8403688.0
4555,Belgium,4.469936,50.503887,"Cereals, Total",Yield,hg/ha,80214.0,82181.0,85009.0,85307.0,91849.0,86495.0,83733.0,86377.0,88858.0,97100.0,93481.0,90090.0,86663.0,92125.0,94354.0,98422.0,69848.0,90507.0,79831.0,89885.0,84309.0
4556,Belgium,4.469936,50.503887,"Cereals, Total",Production,tonnes,2513100.0,2358600.0,2639300.0,2560990.0,2931988.0,2786575.0,2684227.0,2718733.0,3113270.0,3255409.0,3041408.0,2939102.0,2957908.0,3097497.0,3162852.0,3163733.0,2287774.0,2764392.0,2431020.0,2814390.0,2565860.0
5081,Belize,-88.49765,17.189877,"Cereals, Total",Yield,hg/ha,24183.0,31000.0,24489.0,28518.0,23657.0,28695.0,26723.0,29395.0,24272.0,26865.0,32234.0,31555.0,34511.0,36156.0,35946.0,28978.0,31646.0,42291.0,40437.0,29465.0,35263.0
5082,Belize,-88.49765,17.189877,"Cereals, Total",Production,tonnes,47875.0,57267.0,56428.0,60036.0,53937.0,71758.0,53390.0,70153.0,59522.0,87276.0,98489.0,91768.0,91627.0,111934.0,94519.0,80959.0,91557.0,118376.0,99341.0,85114.0,112007.0
5322,Benin,2.315834,9.30769,"Cereals, Total",Yield,hg/ha,11021.0,10693.0,11311.0,11487.0,11460.0,11364.0,11905.0,12860.0,11587.0,14235.0,12006.0,15178.0,13732.0,14796.0,14603.0,13367.0,14559.0,14054.0,14285.0,12383.0,14328.0
5323,Benin,2.315834,9.30769,"Cereals, Total",Production,tonnes,993383.0,942790.0,1086000.0,1042770.0,1108856.0,1151853.0,1095952.0,1158679.0,1267588.0,1508142.0,1333436.0,1544233.0,1576091.0,1791888.0,1714040.0,1643227.0,1814289.0,1897504.0,2320756.0,2177783.0,2203105.0
5588,Bhutan,90.433601,27.514162,"Cereals, Total",Yield,hg/ha,14379.0,14494.0,15490.0,17913.0,29952.0,23349.0,21997.0,19992.0,27415.0,21604.0,24691.0,28017.0,29442.0,29417.0,31299.0,34757.0,33734.0,34130.0,34170.0,30821.0,34415.0
5589,Bhutan,90.433601,27.514162,"Cereals, Total",Production,tonnes,106650.0,115000.0,91437.0,106447.0,153969.0,192631.0,184653.0,190853.0,166007.0,143552.0,144634.0,184333.0,167800.0,159723.0,166898.0,175635.0,176187.0,192689.0,125751.0,103293.0,103298.0
5952,Bolivia,-63.588653,-16.290154,"Cereals, Total",Yield,hg/ha,16419.0,17849.0,17124.0,19633.0,16187.0,19270.0,21001.0,17633.0,20164.0,23460.0,22673.0,20453.0,21132.0,17179.0,19581.0,22802.0,21113.0,18456.0,23337.0,20301.0,20240.0
5953,Bolivia,-63.588653,-16.290154,"Cereals, Total",Production,tonnes,1244322.0,1324781.0,1315565.0,1462502.0,1255985.0,1659795.0,1865967.0,1733466.0,2052972.0,2378919.0,2133671.0,1988007.0,2125542.0,2503245.0,2449241.0,2934919.0,2660808.0,2278993.0,3267427.0,2912082.0,2914459.0
6280,Bosnia and Herz.,17.679076,43.915886,"Cereals, Total",Yield,hg/ha,25502.0,32017.0,38282.0,25216.0,44335.0,42533.0,42908.0,32232.0,44271.0,45031.0,38530.0,37249.0,30006.0,40269.0,39774.0,38121.0,51917.0,37321.0,54879.0,53547.0,60507.0
6281,Bosnia and Herz.,17.679076,43.915886,"Cereals, Total",Production,tonnes,930230.0,1137981.0,1307700.0,793364.0,1438704.0,1349772.0,1340995.0,1000576.0,1374701.0,1390724.0,1104907.0,1118257.0,905975.0,1222498.0,1082655.0,1137236.0,1657556.0,1167005.0,1743762.0,1666131.0,1944178.0
6470,Botswana,24.684866,-22.328474,"Cereals, Total",Yield,hg/ha,1526.0,5544.0,3573.0,12145.0,2743.0,4386.0,3724.0,6392.0,3608.0,3636.0,3716.0,4523.0,3672.0,2176.0,3052.0,9384.0,4716.0,3184.0,5497.0,6752.0,10336.0
6471,Botswana,24.684866,-22.328474,"Cereals, Total",Production,tonnes,24576.0,23080.0,34479.0,35885.0,26673.0,36513.0,43810.0,31312.0,36741.0,55378.0,50345.0,74024.0,37457.0,19366.0,50253.0,43967.0,47045.0,23376.0,80978.0,48548.0,162158.0
6847,Brazil,-51.92528,-14.235004,"Cereals, Total",Yield,hg/ha,26433.0,31476.0,28448.0,33854.0,31318.0,28826.0,32105.0,35531.0,38313.0,35321.0,40406.0,40375.0,45845.0,48264.0,46404.0,50006.0,41817.0,52097.0,48067.0,53216.0,52557.0
6848,Brazil,-51.92528,-14.235004,"Cereals, Total",Production,tonnes,46527202.0,57125393.0,50875594.0,67454329.0,63953364.0,55670925.0,59148978.0,69441634.0,79745466.0,70914791.0,75160152.0,77586276.0,89908244.0,100901726.0,101402184.0,106026685.0,84166682.0,117977014.0,103260129.0,121202845.0,125568280.0
7046,Brunei,114.727669,4.535277,"Cereals, Total",Yield,hg/ha,6500.0,7292.0,7294.0,7928.0,8190.0,8728.0,8091.0,7255.0,7008.0,5147.0,5801.0,9227.0,9772.0,9664.0,14547.0,21461.0,15587.0,16598.0,20038.0,19405.0,29437.0
7047,Brunei,114.727669,4.535277,"Cereals, Total",Production,tonnes,299.0,350.0,372.0,547.0,620.0,851.0,886.0,983.0,911.0,891.0,1072.0,1480.0,1756.0,1237.0,1382.0,1983.0,1579.0,1527.0,1569.0,1500.0,2511.0
7525,Bulgaria,25.48583,42.733883,"Cereals, Total",Yield,hg/ha,24599.0,28984.0,31563.0,23713.0,40778.0,33870.0,35725.0,25237.0,40943.0,34130.0,40310.0,42512.0,36718.0,45610.0,48607.0,46696.0,48178.0,54797.0,55617.0,57747.0,43734.0
7526,Bulgaria,25.48583,42.733883,"Cereals, Total",Production,tonnes,4388341.0,6076855.0,6770394.0,3814085.0,7462821.0,5839080.0,5531830.0,3870213.0,7015582.0,6243088.0,7136449.0,7521108.0,6988023.0,9153930.0,9530421.0,8570299.0,8752219.0,9475846.0,10109850.0,11130990.0,8598290.0
7772,Burkina Faso,-1.561593,12.238333,"Cereals, Total",Yield,hg/ha,8564.0,9678.0,9427.0,9963.0,9407.0,11272.0,12039.0,9361.0,10399.0,10020.0,10627.0,9951.0,12030.0,11565.0,12258.0,11689.0,11368.0,10090.0,11523.0,11561.0,11704.0
7773,Burkina Faso,-1.561593,12.238333,"Cereals, Total",Production,tonnes,2279247.0,3109092.0,3119050.0,3564281.0,2901973.0,3649533.0,3680674.0,3108811.0,4358518.0,3626638.0,4560546.0,3666404.0,4898544.0,4869722.0,4469300.0,4189665.0,4567066.0,4063197.0,5180702.0,4939630.0,5122798.0
7991,Burundi,29.918886,-3.373056,"Cereals, Total",Yield,hg/ha,12282.0,12835.0,13088.0,12841.0,13281.0,13443.0,12770.0,13015.0,12808.0,12959.0,12319.0,11536.0,11069.0,11786.0,13328.0,12042.0,14830.0,11255.0,13233.0,14465.0,13143.0
7992,Burundi,29.918886,-3.373056,"Cereals, Total",Production,tonnes,254735.0,283645.0,292395.0,282588.0,290589.0,296951.0,296904.0,302211.0,298181.0,310616.0,322678.0,337662.0,256889.0,254054.0,236267.0,259662.0,467751.0,375075.0,459525.0,546812.0,466067.0
8371,Cambodia,104.990963,12.565679,"Cereals, Total",Yield,hg/ha,21336.0,20926.0,19220.0,21606.0,20248.0,25087.0,25331.0,26773.0,28048.0,29386.0,30157.0,30215.0,31778.0,32538.0,33139.0,33781.0,35109.0,36137.0,37024.0,37597.0,38512.0
8372,Cambodia,104.990963,12.565679,"Cereals, Total",Production,tonnes,4183064.0,4284605.0,3971406.0,5025548.0,4426949.0,6233960.0,6641061.0,7250000.0,7787338.0,8509896.0,9018589.0,9496000.0,10241849.0,10317000.0,9874000.0,9735000.0,10615000.0,11268000.0,12124000.0,11781000.0,11910000.0
8697,Cameroon,12.354722,7.369722,"Cereals, Total",Yield,hg/ha,17635.0,17089.0,16827.0,16199.0,15632.0,16697.0,17003.0,16763.0,16785.0,17229.0,16487.0,17100.0,15915.0,16764.0,16304.0,16153.0,16533.0,16706.0,16529.0,16534.0,16613.0
8698,Cameroon,12.354722,7.369722,"Cereals, Total",Production,tonnes,1275031.0,1356269.0,1498928.0,1587074.0,1684566.0,1873821.0,2096108.0,2368430.0,2474095.0,2820274.0,3011835.0,2988076.0,3229408.0,3197150.0,3357882.0,3645513.0,3820815.0,3623844.0,3697407.0,3718722.0,3733173.0
9018,Canada,-106.346771,56.130366,"Cereals, Total",Yield,hg/ha,28057.0,24468.0,23754.0,27588.0,31419.0,32159.0,30463.0,29734.0,33917.0,32995.0,35011.0,35524.0,34563.0,41604.0,36470.0,36730.0,42391.0,41048.0,39146.0,40108.0,40794.0
9019,Canada,-106.346771,56.130366,"Cereals, Total",Production,tonnes,51090400.0,43391400.0,36046900.0,49197200.0,50778200.0,50962400.0,48577300.0,48005300.0,56030400.0,49691900.0,46122200.0,48337200.0,51846500.0,66535401.0,51683501.0,53563000.0,58905768.0,56770935.0,58726900.0,61473900.0,65013700.0
9236,Central African Rep.,20.939444,6.611111,"Cereals, Total",Yield,hg/ha,9933.0,10326.0,10483.0,10094.0,10077.0,10182.0,9897.0,9512.0,9468.0,9484.0,14474.0,15160.0,16745.0,11339.0,8960.0,8841.0,8798.0,8966.0,8826.0,8626.0,8162.0
9237,Central African Rep.,20.939444,6.611111,"Cereals, Total",Production,tonnes,165600.0,182600.0,193300.0,201800.0,209900.0,230994.0,227000.0,236570.0,235527.0,250667.0,249000.0,258000.0,259100.0,183292.0,133139.0,131506.0,142936.0,142000.0,142000.0,140211.0,136095.0
9447,Chad,18.732207,15.454166,"Cereals, Total",Yield,hg/ha,5313.0,6347.0,6709.0,8273.0,6712.0,7499.0,7668.0,7993.0,7752.0,5983.0,7628.0,6320.0,9348.0,8228.0,8557.0,8019.0,8447.0,8252.0,8930.0,8863.0,8671.0
9448,Chad,18.732207,15.454166,"Cereals, Total",Production,tonnes,930038.0,1321294.0,1212390.0,1618139.0,1212903.0,1824463.0,1998148.0,1972035.0,1927679.0,1581067.0,3247583.0,1657180.0,3172411.0,2622545.0,2748668.0,2452528.0,2873660.0,2716901.0,3021972.0,2925292.0,2882262.0
9805,Chile,-71.542969,-35.675147,"Cereals, Total",Yield,hg/ha,43621.0,49357.0,51833.0,53900.0,56575.0,58112.0,59983.0,57443.0,58444.0,54623.0,68154.0,69278.0,62296.0,69132.0,61284.0,70823.0,68582.0,67808.0,71464.0,71593.0,62478.0
9806,Chile,-71.542969,-35.675147,"Cereals, Total",Production,tonnes,2589760.0,3115635.0,3380192.0,3692845.0,3999404.0,3989070.0,3565734.0,2855245.0,3302330.0,3125486.0,3588463.0,3950348.0,3464791.0,4004023.0,3478752.0,3788922.0,3872403.0,3471368.0,3660144.0,3294526.0,2759792.0
11205,China,104.195397,35.86166,"Cereals, Total",Yield,hg/ha,47526.0,48003.0,48690.0,48711.0,51868.0,52246.0,53134.0,53199.0,55484.0,54475.0,55249.0,57070.0,58252.0,58942.0,58919.0,59852.0,60186.0,61107.0,61266.0,62672.0,62955.0
11206,China,104.195397,35.86166,"Cereals, Total",Production,tonnes,405224140.0,396483872.0,396676773.0,374819700.0,411571792.0,427760100.0,451107752.0,456321100.0,478546900.0,481563308.0,496343192.0,519373896.0,539346800.0,552691792.0,557417300.0,618165315.0,614697470.0,614076812.0,608917809.0,612794486.0,615518145.0
11585,Taiwan,120.960515,23.69781,"Cereals, Total",Yield,hg/ha,56224.0,52379.0,59433.0,60943.0,60842.0,54986.0,59402.0,52938.0,57917.0,62067.0,59325.0,64985.0,64425.0,58525.0,63007.0,61669.0,56904.0,62844.0,70002.0,64923.0,65872.0
11586,Taiwan,120.960515,23.69781,"Cereals, Total",Production,tonnes,2112369.0,1912939.0,2011467.0,1835303.0,1591998.0,1610165.0,1692530.0,1488318.0,1579070.0,1713839.0,1577317.0,1797912.0,1816768.0,1730754.0,1907933.0,1758161.0,1758649.0,1947667.0,2133874.0,1977974.0,1964833.0
11971,Colombia,-74.297333,4.570868,"Cereals, Total",Yield,hg/ha,32342.0,31383.0,33405.0,36218.0,35845.0,36433.0,33588.0,35992.0,36642.0,36113.0,34104.0,33515.0,37025.0,32688.0,41130.0,43017.0,43532.0,47080.0,46663.0,48507.0,50829.0
11972,Colombia,-74.297333,4.570868,"Cereals, Total",Production,tonnes,3619055.0,3548898.0,3621268.0,4284960.0,4438852.0,4098565.0,3685423.0,4013252.0,4323748.0,4178754.0,3535917.0,3798449.0,4270490.0,3816637.0,4051806.0,3998890.0,4396731.0,4647650.0,4349018.0,4434081.0,4925126.0
12134,Comoros,43.872219,-11.875001,"Cereals, Total",Yield,hg/ha,13223.0,13116.0,13098.0,13109.0,13110.0,13101.0,12769.0,13345.0,12853.0,13202.0,13588.0,13514.0,13156.0,13786.0,13610.0,13516.0,14146.0,13755.0,13803.0,13901.0,13820.0
12135,Comoros,43.872219,-11.875001,"Cereals, Total",Production,tonnes,18981.0,20796.0,21139.0,21637.0,22122.0,22250.0,24262.0,21544.0,24741.0,26229.0,29214.0,31893.0,32363.0,35154.0,36197.0,36500.0,37300.0,36666.0,36822.0,36929.0,36806.0
12366,Congo,15.827659,-0.228021,"Cereals, Total",Yield,hg/ha,7539.0,7750.0,7720.0,7807.0,7764.0,7706.0,7778.0,7641.0,7714.0,7914.0,7850.0,7943.0,8098.0,8308.0,8327.0,8335.0,8456.0,8593.0,8691.0,8879.0,8844.0
12367,Congo,15.827659,-0.228021,"Cereals, Total",Production,tonnes,9767.0,18025.0,19206.0,22188.0,22003.0,22090.0,21700.0,21323.0,22950.0,23900.0,24795.0,25269.0,26548.0,28119.0,26730.0,27621.0,28897.0,29798.0,29950.0,31272.0,30347.0
12803,Costa Rica,-83.753428,9.748917,"Cereals, Total",Yield,hg/ha,36262.0,35496.0,36834.0,31714.0,30594.0,31891.0,37590.0,35382.0,38143.0,37907.0,31992.0,34189.0,36215.0,32833.0,44975.0,38316.0,40261.0,37310.0,42102.0,40524.0,33571.0
12804,Costa Rica,-83.753428,9.748917,"Cereals, Total",Production,tonnes,284922.0,229454.0,201368.0,198281.0,209860.0,196477.0,207263.0,199214.0,234240.0,283516.0,286537.0,297476.0,231741.0,238539.0,234587.0,203816.0,213880.0,159571.0,197701.0,170322.0,151685.0
13098,Côte d'Ivoire,-5.54708,7.539989,"Cereals, Total",Yield,hg/ha,16823.0,17199.0,17509.0,18270.0,18539.0,18363.0,18279.0,15694.0,17350.0,17115.0,22705.0,18828.0,20798.0,21766.0,22069.0,22003.0,22198.0,22761.0,22621.0,22643.0,22109.0
13099,Côte d'Ivoire,-5.54708,7.539989,"Cereals, Total",Production,tonnes,1285904.0,1307824.0,1330096.0,1334280.0,1378128.0,1424903.0,1441779.0,1224570.0,1408447.0,1428840.0,1961771.0,1607414.0,2332512.0,2712481.0,2855919.0,3308600.0,3159200.0,3290400.0,3214062.0,3139196.0,2817182.0
13489,Croatia,15.2,45.1,"Cereals, Total",Yield,hg/ha,41148.0,48403.0,53162.0,36010.0,54089.0,55928.0,54202.0,45581.0,66391.0,61098.0,54560.0,52200.0,45736.0,54449.0,60277.0,56950.0,66655.0,57048.0,70556.0,71573.0,69924.0
13490,Croatia,15.2,45.1,"Cereals, Total",Production,tonnes,2310525.0,2826686.0,3077663.0,2015939.0,3067103.0,3039957.0,3035940.0,2536186.0,3726750.0,3442567.0,3014507.0,2835284.0,2694564.0,3195466.0,3001477.0,2802791.0,3573872.0,2659648.0,3243520.0,3513320.0,3746320.0
13760,Cuba,-77.781167,21.521757,"Cereals, Total",Yield,hg/ha,25284.0,28806.0,31232.0,31888.0,29215.0,25616.0,27828.0,29129.0,26742.0,20688.0,19372.0,26191.0,28032.0,29038.0,28137.0,29646.0,29393.0,28543.0,28765.0,28331.0,25723.0
13761,Cuba,-77.781167,21.521757,"Cereals, Total",Production,tonnes,826200.0,900115.0,1001179.0,1075955.0,889369.0,732197.0,744119.0,809469.0,762180.0,868697.0,779086.0,920658.0,1003983.0,1104303.0,1017580.0,791666.0,930968.0,786203.0,812374.0,703097.0,525731.0
14149,Cyprus,33.429859,35.126413,"Cereals, Total",Yield,hg/ha,9314.0,22759.0,23944.0,22639.0,16779.0,12056.0,12197.0,15961.0,1763.0,18238.0,19984.0,19544.0,23993.0,16880.0,2910.0,26830.0,4363.0,18027.0,10529.0,26563.0,23685.0
14150,Cyprus,33.429859,35.126413,"Cereals, Total",Production,tonnes,47950.0,127380.0,141750.0,164690.0,111410.0,70185.0,66833.0,63533.0,6341.0,56820.0,65732.0,70195.0,90747.0,51923.0,7362.0,88127.0,10161.0,35836.0,25290.0,61280.0,75720.0
14545,Czechia,15.472962,49.817492,"Cereals, Total",Yield,hg/ha,39060.0,45086.0,43240.0,39408.0,54436.0,47416.0,41590.0,45220.0,53628.0,50739.0,46958.0,55926.0,45295.0,53093.0,62198.0,58806.0,63170.0,54975.0,52069.0,56532.0,60427.0
14546,Czechia,15.472962,49.817492,"Cereals, Total",Production,tonnes,6467637.0,7353491.0,6784829.0,5780887.0,8803796.0,7677321.0,6402586.0,7157366.0,8374004.0,7836375.0,6882070.0,8289282.0,6600024.0,7516944.0,8783608.0,8187774.0,8600551.0,7460864.0,6970920.0,7646150.0,8126660.0
15113,North Korea,127.510093,40.339852,"Cereals, Total",Yield,hg/ha,23754.0,30157.0,31908.0,32503.0,34296.0,33678.0,35437.0,29215.0,35549.0,33644.0,34240.0,35863.0,39224.0,39796.0,41518.0,36540.0,40797.0,40151.0,35105.0,43856.0,34762.0
15114,North Korea,127.510093,40.339852,"Cereals, Total",Production,tonnes,2942000.0,3879704.0,4211000.0,4393000.0,4485000.0,4645400.0,4675500.0,3892500.0,4680528.0,4437510.0,4514871.0,4694507.0,5195204.0,5199405.0,5223726.0,4481458.0,4975484.0,4844635.0,4235335.0,5703884.0,4662527.0
15385,Dem. Rep. Congo,21.758664,-4.038333,"Cereals, Total",Yield,hg/ha,7866.0,7866.0,7720.0,7715.0,7717.0,7717.0,7716.0,7716.0,7716.0,7716.0,7849.0,7711.0,7716.0,7721.0,7690.0,7689.0,7793.0,7886.0,7973.0,8060.0,8577.0
15386,Dem. Rep. Congo,21.758664,-4.038333,"Cereals, Total",Production,tonnes,1572045.0,1546061.0,1520470.0,1521340.0,1522295.0,1523240.0,1524145.0,1525030.0,1525860.0,1526862.0,2591311.0,2656556.0,2644175.0,2858786.0,3097524.0,3120940.0,3267141.0,3460783.0,3535639.0,3579216.0,3551147.0
15714,Denmark,9.501785,56.26392,"Cereals, Total",Yield,hg/ha,62160.0,61266.0,57618.0,60966.0,60131.0,61534.0,57784.0,56758.0,60174.0,67790.0,58759.0,58865.0,63097.0,63166.0,67521.0,68847.0,62220.0,69165.0,48888.0,69289.0,69263.0
15715,Denmark,9.501785,56.26392,"Cereals, Total",Production,tonnes,9412662.0,9423086.0,8803709.0,9050937.0,8963200.0,9283000.0,8632300.0,8220200.0,9105500.0,10163800.0,8863200.0,8809200.0,9485400.0,9119687.0,9796378.0,10047500.0,9154326.0,10027261.0,6923900.0,9517830.0,9467690.0
15844,Djibouti,42.590275,11.825138,"Cereals, Total",Yield,hg/ha,18333.0,17143.0,16667.0,16667.0,16667.0,15000.0,16667.0,18333.0,17143.0,18571.0,17500.0,18750.0,20000.0,20000.0,20000.0,20000.0,21250.0,18889.0,18889.0,18889.0,18889.0
15845,Djibouti,42.590275,11.825138,"Cereals, Total",Production,tonnes,11.0,12.0,10.0,10.0,10.0,9.0,10.0,11.0,12.0,13.0,14.0,15.0,16.0,16.0,16.0,18.0,17.0,17.0,17.0,17.0,17.0
16032,Dominica,-61.370976,15.414999,"Cereals, Total",Yield,hg/ha,13566.0,13594.0,13643.0,13333.0,13788.0,13571.0,14085.0,14483.0,14394.0,14375.0,14167.0,14000.0,16667.0,16667.0,16303.0,16017.0,15932.0,16134.0,16271.0,16496.0,16496.0
16033,Dominica,-61.370976,15.414999,"Cereals, Total",Production,tonnes,175.0,174.0,176.0,180.0,182.0,190.0,200.0,210.0,190.0,184.0,170.0,140.0,200.0,200.0,194.0,189.0,188.0,192.0,192.0,193.0,193.0
16323,Dominican Rep.,-70.162651,18.735693,"Cereals, Total",Yield,hg/ha,41593.0,43048.0,43434.0,40008.0,38248.0,38087.0,42629.0,43681.0,44688.0,39543.0,44360.0,46056.0,37478.0,40315.0,49656.0,51098.0,47281.0,47304.0,46071.0,46525.0,45565.0
16324,Dominican Rep.,-70.162651,18.735693,"Cereals, Total",Production,tonnes,610146.0,770803.0,766129.0,656277.0,619973.0,682012.0,745339.0,779887.0,806624.0,815971.0,886456.0,912362.0,707550.0,772951.0,936569.0,941950.0,899525.0,950213.0,1010916.0,970003.0,993899.0
16713,Ecuador,-78.183406,-1.831239,"Cereals, Total",Yield,hg/ha,23060.0,18994.0,24346.0,26173.0,29222.0,28416.0,28300.0,31440.0,29803.0,29655.0,31062.0,26058.0,32588.0,29115.0,35275.0,43229.0,37918.0,34154.0,39394.0,43289.0,39157.0
16714,Ecuador,-78.183406,-1.831239,"Cereals, Total",Production,tonnes,1885187.0,1644375.0,2057298.0,2055013.0,2607223.0,2303958.0,2278620.0,2726972.0,2286314.0,2437917.0,2732020.0,2487874.0,2929621.0,2736702.0,3086964.0,3565065.0,2676163.0,2537922.0,2710163.0,2617067.0,2689665.0
17122,Egypt,30.802498,26.820553,"Cereals, Total",Yield,hg/ha,72801.0,70994.0,74456.0,75154.0,75562.0,75369.0,75002.0,74185.0,74522.0,71583.0,65043.0,72463.0,72690.0,72853.0,70850.0,71173.0,72515.0,74030.0,67786.0,60455.0,61879.0
17123,Egypt,30.802498,26.820553,"Cereals, Total",Production,tonnes,20105573.0,18561065.0,20194329.0,20681928.0,20823161.0,22423470.0,22518430.0,21599234.0,23743022.0,22756929.0,19464743.0,22014225.0,23755745.0,24123416.0,23323609.0,23141275.0,23385497.0,22920861.0,17562759.0,21913681.0,22320185.0
17386,El Salvador,-88.89653,13.794185,"Cereals, Total",Yield,hg/ha,21553.0,19097.0,24769.0,24725.0,24861.0,26327.0,28029.0,26152.0,29053.0,27269.0,27260.0,24920.0,27822.0,27130.0,24857.0,22881.0,27455.0,29097.0,23797.0,27770.0,27639.0
17387,El Salvador,-88.89653,13.794185,"Cereals, Total",Production,tonnes,778822.0,759720.0,814224.0,791458.0,822195.0,894975.0,937085.0,860076.0,1037707.0,989851.0,968601.0,923938.0,1090739.0,1043725.0,1001957.0,854471.0,1072962.0,1030124.0,817563.0,921410.0,1019000.0
17679,Eritrea,39.782334,15.179384,"Cereals, Total",Yield,hg/ha,3772.0,6371.0,1582.0,2610.0,2753.0,7582.0,7985.0,9385.0,2522.0,5001.0,5117.0,6491.0,6894.0,6698.0,6664.0,6424.0,6397.0,6406.0,6409.0,6404.0,6407.0
17680,Eritrea,39.782334,15.179384,"Cereals, Total",Production,tonnes,124549.0,219052.0,54530.0,105944.0,108798.0,335563.0,377202.0,461996.0,105788.0,226899.0,231050.0,312366.0,304057.0,297926.0,302104.0,306990.0,303673.0,304923.0,305195.0,304597.0,304905.0
18022,Estonia,25.013607,58.595272,"Cereals, Total",Yield,hg/ha,21147.0,20370.0,20240.0,19217.0,23303.0,26944.0,22099.0,30091.0,27928.0,27605.0,24642.0,25989.0,34120.0,31356.0,36696.0,43816.0,26584.0,39673.0,26249.0,44586.0,44115.0
18023,Estonia,25.013607,58.595272,"Cereals, Total",Production,tonnes,696647.0,558480.0,524652.0,505726.0,608148.0,760073.0,619292.0,879475.0,863800.0,873466.0,678372.0,771725.0,991200.0,975500.0,1221600.0,1535300.0,934051.0,1311893.0,919830.0,1624580.0,1632790.0
18586,Ethiopia,40.489673,9.145,"Cereals, Total",Yield,hg/ha,11163.0,11980.0,13537.0,11233.0,11626.0,13614.0,15633.0,14410.0,14184.0,16471.0,17673.0,18766.0,19633.0,21020.0,22351.0,23449.0,23522.0,25394.0,27298.0,28318.0,28613.0
18587,Ethiopia,40.489673,9.145,"Cereals, Total",Production,tonnes,8019830.0,9585753.0,9000335.0,9532780.0,10140082.0,12749986.0,12672350.0,13252799.0,14014121.0,16457164.0,18380017.0,19269598.0,20322265.0,22338783.0,24215411.0,25837228.0,26587342.0,28763752.0,28364295.0,29672647.0,30248751.0
19168,Fiji,179.414413,-16.578193,"Cereals, Total",Yield,hg/ha,24334.0,23418.0,23800.0,23389.0,23527.0,23492.0,22835.0,26524.0,22663.0,28193.0,28714.0,28216.0,24229.0,30000.0,44740.0,30000.0,30013.0,30015.0,30022.0,30008.0,34452.0
19169,Fiji,179.414413,-16.578193,"Cereals, Total",Production,tonnes,14182.0,14896.0,13516.0,16550.0,14429.0,15949.0,13701.0,15206.0,12231.0,12140.0,8617.0,8143.0,4858.0,7710.0,7843.0,7428.0,9541.0,10067.0,8283.0,7172.0,9936.0
19491,Finland,25.748151,61.92411,"Cereals, Total",Yield,hg/ha,34987.0,31644.0,32950.0,31780.0,32106.0,34229.0,32938.0,36547.0,35423.0,37604.0,31353.0,35217.0,35336.0,36895.0,36914.0,36139.0,35733.0,39579.0,30527.0,42575.0,35893.0
19492,Finland,25.748151,61.92411,"Cereals, Total",Production,tonnes,4102900.0,3671300.0,3937800.0,3791000.0,3618700.0,4058900.0,3789900.0,4135300.0,4229100.0,4260900.0,2991748.0,3671399.0,3661920.0,4065779.0,4130626.0,3685494.0,3566470.0,3421643.0,2768190.0,4036110.0,3415550.0
19949,France,2.213749,46.227638,"Cereals, Total",Yield,hg/ha,72315.0,67292.0,74530.0,61253.0,75187.0,69654.0,68005.0,65206.0,72528.0,74124.0,70686.0,69193.0,72545.0,70848.0,75560.0,75700.0,56682.0,73067.0,68291.0,74919.0,63842.0
19950,France,2.213749,46.227638,"Cereals, Total",Production,tonnes,65732235.0,60300838.0,69700576.0,55099559.0,70642016.0,64210068.0,61820445.0,59578778.0,70418033.0,70373160.0,65839203.0,63954885.0,68341732.0,67537681.0,72579315.0,72875853.0,54398704.0,68730245.0,61839480.0,70378890.0,56849840.0
20502,Gabon,11.609444,-0.803689,"Cereals, Total",Yield,hg/ha,16303.0,15415.0,14494.0,15381.0,15598.0,15698.0,15800.0,16672.0,16114.0,15891.0,15949.0,15961.0,16006.0,16004.0,15925.0,15918.0,15902.0,16420.0,16081.0,16134.0,16211.0
20503,Gabon,11.609444,-0.803689,"Cereals, Total",Production,tonnes,26900.0,26168.0,25046.0,32075.0,31335.0,35309.0,33171.0,34100.0,36287.0,39782.0,40754.0,42405.0,43408.0,44202.0,44781.0,45415.0,46000.0,46854.0,46089.0,46314.0,46419.0
20659,Gambia,-15.310139,13.443182,"Cereals, Total",Yield,hg/ha,12958.0,12838.0,9603.0,11998.0,11708.0,10403.0,10264.0,8003.0,9772.0,10517.0,11294.0,8685.0,9103.0,9598.0,7463.0,7860.0,7808.0,6661.0,6820.0,4491.0,7448.0
20660,Gambia,-15.310139,13.443182,"Cereals, Total",Production,tonnes,176100.0,200385.0,139258.0,204775.0,223852.0,205572.0,215263.0,150540.0,235059.0,311001.0,363549.0,183189.0,224260.0,227689.0,174834.0,206609.0,179272.0,132939.0,112365.0,104778.0,173776.0
20949,Georgia,43.356892,42.315407,"Cereals, Total",Yield,hg/ha,13690.0,20122.0,18601.0,21369.0,20034.0,20116.0,15838.0,21145.0,20904.0,19078.0,12714.0,22013.0,21864.0,22006.0,20328.0,19594.0,25145.0,19771.0,25313.0,25379.0,26475.0
20950,Georgia,43.356892,42.315407,"Cereals, Total",Production,tonnes,417752.0,703620.0,661681.0,741924.0,662715.0,680281.0,320140.0,418724.0,467111.0,375640.0,220200.0,404700.0,377300.0,490624.0,378206.0,363416.0,431207.0,295251.0,370928.0,371431.0,412339.0
21347,Germany,10.451526,51.165691,"Cereals, Total",Yield,hg/ha,64529.0,70552.0,62515.0,57645.0,73553.0,67232.0,64866.0,61829.0,71188.0,72014.0,66852.0,64583.0,69649.0,73180.0,80503.0,74978.0,71821.0,72699.0,61789.0,69520.0,71333.0
21348,Germany,10.451526,51.165691,"Cereals, Total",Production,tonnes,45271234.0,49709326.0,43391325.0,39426039.0,51097000.0,45980200.0,43474800.0,40632149.0,50104858.0,49750199.0,44038739.0,41920400.0,45396500.0,47757100.0,52010400.0,48866800.0,45364400.0,45556800.0,37948100.0,44302400.0,43265100.0
21615,Ghana,-1.023194,7.946527,"Cereals, Total",Yield,hg/ha,13092.0,11861.0,13490.0,13964.0,13733.0,14323.0,13345.0,13170.0,15981.0,16598.0,18143.0,15942.0,17681.0,16888.0,17034.0,18303.0,18424.0,19123.0,18756.0,18919.0,19250.0
21616,Ghana,-1.023194,7.946527,"Cereals, Total",Production,tonnes,1710622.0,1626674.0,2155214.0,2040844.0,1830251.0,1948026.0,1919027.0,1672835.0,2296821.0,2607164.0,2906709.0,2618992.0,2890743.0,2745913.0,2780040.0,2753194.0,2798251.0,3126784.0,3573625.0,4360040.0,4570041.0
22086,Greece,21.824312,39.074208,"Cereals, Total",Yield,hg/ha,38688.0,38476.0,37472.0,36936.0,40174.0,40498.0,39189.0,39299.0,45158.0,42662.0,40649.0,43441.0,42067.0,43933.0,42865.0,42149.0,42235.0,43172.0,37996.0,40435.0,41971.0
22087,Greece,21.824312,39.074208,"Cereals, Total",Production,tonnes,4926526.0,4938620.0,4825424.0,4707635.0,5068321.0,5073516.0,4685376.0,4612071.0,5567226.0,5243740.0,4722508.0,4868852.0,4771539.0,4875338.0,4263956.0,4297232.0,3962383.0,3682861.0,2993980.0,2944220.0,3105370.0
22312,Grenada,-61.604171,12.262776,"Cereals, Total",Yield,hg/ha,10033.0,10000.0,9969.0,10000.0,10000.0,9844.0,10000.0,10000.0,10030.0,10090.0,10088.0,10115.0,10286.0,10000.0,9952.0,10028.0,9974.0,9974.0,10000.0,10000.0,10000.0
22313,Grenada,-61.604171,12.262776,"Cereals, Total",Production,tonnes,305.0,307.0,317.0,318.0,315.0,315.0,300.0,320.0,329.0,336.0,343.0,351.0,360.0,400.0,411.0,354.0,388.0,384.0,376.0,383.0,381.0
22552,Guadeloupe,-62.067641,16.995971,"Cereals, Total",Yield,hg/ha,,,,,,,,,,,,,,,,,,,,,
22553,Guadeloupe,-62.067641,16.995971,"Cereals, Total",Production,tonnes,,,,,,,,,,,,,,,,,,,,,
22870,Guatemala,-90.230759,15.783471,"Cereals, Total",Yield,hg/ha,17764.0,20388.0,20172.0,20537.0,21171.0,23118.0,25141.0,23058.0,20106.0,19833.0,19966.0,20004.0,20367.0,20824.0,20924.0,21157.0,21523.0,21533.0,21533.0,21674.0,21971.0
22871,Guatemala,-90.230759,15.783471,"Cereals, Total",Production,tonnes,1160727.0,1294910.0,1300064.0,1320434.0,1350218.0,1446139.0,1557727.0,1669111.0,1792388.0,1703471.0,1716380.0,1754490.0,1804110.0,1876104.0,1900911.0,1938866.0,1986485.0,2037704.0,2065221.0,1957346.0,1984853.0
23098,Guinea,-9.696645,9.945587,"Cereals, Total",Yield,hg/ha,14921.0,14830.0,14872.0,14848.0,14913.0,14956.0,15020.0,15140.0,14647.0,14843.0,11847.0,12260.0,11522.0,11896.0,11230.0,11224.0,11555.0,11650.0,11867.0,12686.0,13299.0
23099,Guinea,-9.696645,9.945587,"Cereals, Total",Production,tonnes,1800810.0,1720945.0,1845827.0,1983588.0,2136216.0,2290039.0,2445151.0,2601213.0,2740273.0,2631430.0,2861146.0,3004174.0,3240342.0,3431379.0,3401200.0,3532856.0,3648811.0,3774616.0,3911040.0,4286357.0,4666854.0
23297,Guinea-Bissau,-15.180413,11.803749,"Cereals, Total",Yield,hg/ha,10970.0,10049.0,10673.0,10759.0,11640.0,13256.0,14127.0,13461.0,14903.0,16267.0,17176.0,15816.0,15043.0,13913.0,13844.0,13925.0,14043.0,13850.0,13926.0,14191.0,15026.0
23298,Guinea-Bissau,-15.180413,11.803749,"Cereals, Total",Production,tonnes,177884.0,161681.0,151444.0,143411.0,171375.0,212538.0,225259.0,183863.0,216998.0,227517.0,256353.0,218431.0,248614.0,264522.0,166662.0,208495.0,225627.0,211238.0,224596.0,238628.0,252629.0
23547,Guyana,-58.93018,4.860416,"Cereals, Total",Yield,hg/ha,37992.0,39479.0,40840.0,41555.0,42166.0,38614.0,45230.0,42222.0,41615.0,43455.0,41654.0,43440.0,44654.0,49366.0,33946.0,35673.0,35153.0,36196.0,56939.0,37977.0,36659.0
23548,Guyana,-58.93018,4.860416,"Cereals, Total",Production,tonnes,452569.0,497885.0,445654.0,550183.0,506411.0,424365.0,475363.0,466553.0,511036.0,558522.0,560532.0,623518.0,653320.0,827930.0,639238.0,691784.0,538450.0,634104.0,968472.0,686418.0,691539.0
23817,Haiti,-72.285215,18.971187,"Cereals, Total",Yield,hg/ha,9318.0,8265.0,9204.0,9208.0,9338.0,9568.0,9629.0,9598.0,9611.0,9946.0,9774.0,9822.0,10770.0,10599.0,9538.0,9344.0,10218.0,10733.0,8422.0,15993.0,12717.0
23818,Haiti,-72.285215,18.971187,"Cereals, Total",Production,tonnes,430500.0,363000.0,376000.0,381500.0,398000.0,405500.0,415000.0,520000.0,420000.0,553500.0,626800.0,616092.0,441594.0,613318.0,586897.0,503125.0,485572.0,484000.0,415370.0,389868.0,370000.0
24102,Honduras,-86.241905,15.199999,"Cereals, Total",Yield,hg/ha,13681.0,14471.0,13418.0,15334.0,13881.0,15065.0,15223.0,16827.0,16805.0,17272.0,16603.0,17115.0,16469.0,16679.0,18547.0,18213.0,18909.0,18630.0,18510.0,18686.0,18901.0
24103,Honduras,-86.241905,15.199999,"Cereals, Total",Production,tonnes,606578.0,603029.0,579162.0,598653.0,527961.0,555622.0,595111.0,752423.0,660074.0,702199.0,632858.0,635620.0,621783.0,690211.0,670112.0,729021.0,701830.0,765611.0,791207.0,667782.0,753676.0
24558,Hungary,19.503304,47.162494,"Cereals, Total",Yield,hg/ha,36327.0,48849.0,39632.0,30389.0,55899.0,55266.0,50973.0,34920.0,58002.0,47152.0,47190.0,51051.0,37611.0,48315.0,58970.0,52434.0,64866.0,58355.0,62862.0,63658.0,66591.0
24559,Hungary,19.503304,47.162494,"Cereals, Total",Production,tonnes,10036050.0,15045901.0,11703295.0,8769586.0,16779323.0,16212463.0,14467371.0,9652899.0,16840650.0,13590362.0,12269359.0,13678147.0,10372740.0,13609910.0,16613380.0,14145172.0,16643885.0,14017280.0,14885530.0,15650010.0,15566640.0
24712,Iceland,-19.020835,64.963051,"Cereals, Total",Yield,hg/ha,,,,,,,,,,,,,,,,31869.0,32126.0,35238.0,26000.0,35909.0,48580.0
24713,Iceland,-19.020835,64.963051,"Cereals, Total",Production,tonnes,,,,,,,,,,,,,,,,4637.0,7389.0,7400.0,3900.0,7900.0,7287.0
25117,India,78.96288,20.593684,"Cereals, Total",Yield,hg/ha,22942.0,24231.0,21873.0,23994.0,23500.0,24116.0,24465.0,25833.0,26379.0,25808.0,26764.0,28607.0,29635.0,29699.0,29604.0,28567.0,30080.0,31213.0,32781.0,34049.0,32828.0
25118,India,78.96288,20.593684,"Cereals, Total",Production,tonnes,234931192.0,242963796.0,206636708.0,236592700.0,229845504.0,239997492.0,242785588.0,260485904.0,266835300.0,250783392.0,267838308.0,287860000.0,293290000.0,294909510.0,296010000.0,284333000.0,297850000.0,310782330.0,321556400.0,324300640.0,335035000.0
25464,Indonesia,113.921327,-0.789275,"Cereals, Total",Yield,hg/ha,40264.0,40449.0,41695.0,42481.0,42745.0,43113.0,43658.0,44139.0,47030.0,48087.0,48724.0,48913.0,50868.0,50870.0,50991.0,53138.0,51587.0,51223.0,52440.0,52054.0,52796.0
25465,Indonesia,113.921327,-0.789275,"Cereals, Total",Production,tonnes,61575000.0,59808000.0,61074973.0,63024042.0,65313711.0,66674990.0,66064399.0,67878527.0,73984922.0,76643740.0,77610636.0,75902250.0,79092022.0,78606853.0,78067426.0,80643435.0,77609413.0,84176015.0,89454472.0,77190033.0,77149202.0
25909,Iran,53.688046,32.427908,"Cereals, Total",Yield,hg/ha,18351.0,19326.0,22729.0,23834.0,24171.0,23012.0,23918.0,24543.0,17209.0,19972.0,21735.0,17137.0,17454.0,18471.0,20515.0,22310.0,26533.0,20583.0,20538.0,20793.0,21408.0
25910,Iran,53.688046,32.427908,"Cereals, Total",Production,tonnes,12877642.0,14943510.0,19873851.0,20947989.0,21987686.0,21914453.0,22469919.0,24077571.0,12210782.0,17952657.0,19597232.0,15018276.0,15777122.0,16427671.0,17551046.0,18255385.0,22419771.0,18113760.0,18650827.0,22555476.0,22012721.0
26244,Iraq,43.679291,33.223191,"Cereals, Total",Yield,hg/ha,3632.0,6927.0,13064.0,12098.0,11916.0,9481.0,13292.0,12648.0,14035.0,17745.0,16971.0,17985.0,23189.0,22148.0,20481.0,26935.0,30753.0,27478.0,26758.0,25864.0,25496.0
26245,Iraq,43.679291,33.223191,"Cereals, Total",Production,tonnes,904480.0,1818903.0,4124870.0,3521487.0,3316917.0,3708150.0,3785500.0,3752471.0,2225411.0,2650113.0,4362383.0,4270151.0,4790950.0,6498524.0,7048606.0,3471116.0,4007685.0,3735255.0,2615277.0,6913550.0,8885242.0
26567,Ireland,-8.24389,53.41291,"Cereals, Total",Yield,hg/ha,77957.0,75809.0,65670.0,71007.0,80778.0,69047.0,74652.0,71888.0,76449.0,68872.0,74563.0,84415.0,67412.0,78021.0,84714.0,90082.0,82228.0,87836.0,68395.0,85052.0,71248.0
26568,Ireland,-8.24389,53.41291,"Cereals, Total",Production,tonnes,2177490.0,2169041.0,1966955.0,2152353.0,2507508.0,1947926.0,2090356.0,2006462.0,2463993.0,2066175.0,2043781.0,2512187.0,2127500.0,2403000.0,2599817.0,2635749.0,2312985.0,2394646.0,1784900.0,2267990.0,1892640.0
26953,Israel,34.851612,31.046051,"Cereals, Total",Yield,hg/ha,24433.0,24548.0,26895.0,33065.0,30667.0,29519.0,23985.0,27521.0,24388.0,31741.0,30376.0,36693.0,42995.0,41771.0,49101.0,49789.0,48349.0,31959.0,24611.0,36234.0,38168.0
26954,Israel,34.851612,31.046051,"Cereals, Total",Production,tonnes,182870.0,241640.0,271105.0,305620.0,273338.0,307620.0,245106.0,283464.0,198843.0,257009.0,241055.0,273520.0,356388.0,336558.0,372420.0,321746.0,262284.0,173798.0,150693.0,184118.0,245755.0
27436,Italy,12.56738,41.87194,"Cereals, Total",Yield,hg/ha,49939.0,48214.0,49592.0,43072.0,54444.0,53614.0,53161.0,51740.0,53530.0,50869.0,53225.0,56772.0,53151.0,52646.0,57175.0,54022.0,55990.0,51748.0,53508.0,53362.0,56265.0
27437,Italy,12.56738,41.87194,"Cereals, Total",Production,tonnes,20660952.0,19933158.0,21248429.0,17864361.0,23283207.0,21423171.0,20206559.0,20350618.0,21613374.0,17705746.0,18502904.0,19521139.0,18594125.0,18214664.0,19396843.0,17694875.0,18219221.0,16251718.0,16548350.0,16363450.0,16945440.0
27719,Jamaica,-77.297508,18.109581,"Cereals, Total",Yield,hg/ha,11468.0,12091.0,11798.0,12303.0,11854.0,12559.0,12289.0,12222.0,12942.0,13157.0,12668.0,13565.0,12828.0,12003.0,11387.0,11431.0,10903.0,11625.0,11482.0,11258.0,11143.0
27720,Jamaica,-77.297508,18.109581,"Cereals, Total",Production,tonnes,1781.0,2116.0,1765.0,2057.0,1611.0,1929.0,1895.0,1738.0,1997.0,2509.0,2626.0,2968.0,3121.0,2996.0,2512.0,2365.0,2354.0,2540.0,2177.0,2059.0,2018.0
28120,Japan,138.252924,36.204824,"Cereals, Total",Yield,hg/ha,62566.0,61070.0,60855.0,54510.0,59423.0,61540.0,58524.0,60621.0,62624.0,59195.0,58537.0,60106.0,62485.0,62814.0,63251.0,63167.0,62534.0,62845.0,64047.0,65395.0,60503.0
28121,Japan,138.252924,36.204824,"Cereals, Total",Production,tonnes,12796066.0,12254843.0,12184519.0,10824201.0,11993784.0,12433769.0,11741858.0,12024848.0,12151091.0,11461385.0,11454614.0,11657492.0,12166481.0,12264625.0,12285001.0,12141378.0,11924735.0,11903638.0,11575317.0,11830030.0,10922778.0
28456,Jordan,36.238414,30.585164,"Cereals, Total",Yield,hg/ha,17283.0,13736.0,12942.0,14179.0,13107.0,15245.0,9667.0,10494.0,11451.0,12441.0,19626.0,19040.0,15563.0,16602.0,14554.0,15187.0,18005.0,20394.0,15243.0,16418.0,17102.0
28457,Jordan,36.238414,30.585164,"Cereals, Total",Production,tonnes,57133.0,47643.0,114722.0,79751.0,53413.0,102406.0,61917.0,53296.0,47461.0,60906.0,87266.0,83062.0,84041.0,102175.0,90770.0,95323.0,99170.0,99289.0,84784.0,114217.0,95201.0
28807,Kazakhstan,66.923684,48.019573,"Cereals, Total",Yield,hg/ha,9425.0,12166.0,11457.0,10775.0,8843.0,9982.0,11709.0,13269.0,10113.0,12531.0,8041.0,16886.0,8650.0,11649.0,11727.0,12781.0,13477.0,13550.0,13592.0,11542.0,12883.0
28808,Kazakhstan,66.923684,48.019573,"Cereals, Total",Production,tonnes,11539396.0,15865279.0,15926090.0,14738300.0,12337671.0,13750260.0,16472690.0,20082040.0,15530034.0,20763550.0,12115916.0,26825599.0,12788632.0,18157040.0,17110959.0,18585932.0,20410625.0,20129018.0,20014092.0,17497097.0,20179388.0
29219,Kenya,37.906193,-0.023559,"Cereals, Total",Yield,hg/ha,13750.0,16396.0,14883.0,15940.0,18057.0,16461.0,16464.0,17731.0,14175.0,12428.0,17101.0,15146.0,17448.0,16615.0,15834.0,17727.0,13831.0,14259.0,17091.0,16078.0,18062.0
29220,Kenya,37.906193,-0.023559,"Cereals, Total",Production,tonnes,2591351.0,3369648.0,3045518.0,3351497.0,3199022.0,3585080.0,3936250.0,3613834.0,2866111.0,2898884.0,4347437.0,4058581.0,4711585.0,4536942.0,4227113.0,4523083.0,3892022.0,3711085.0,4805973.0,4621302.0,4881292.0
29492,Kuwait,47.481766,29.31166,"Cereals, Total",Yield,hg/ha,56112.0,58440.0,73296.0,102534.0,61889.0,64232.0,87177.0,104989.0,92358.0,79784.0,108052.0,141715.0,137825.0,179751.0,218655.0,65439.0,52205.0,56562.0,104832.0,176204.0,103182.0
29493,Kuwait,47.481766,29.31166,"Cereals, Total",Production,tonnes,7996.0,9251.0,13633.0,21809.0,9630.0,10078.0,14576.0,23234.0,15747.0,13651.0,20303.0,35457.0,26862.0,33254.0,53636.0,9312.0,5257.0,6103.0,11217.0,31382.0,20688.0
29852,Kyrgyzstan,74.766098,41.20438,"Cereals, Total",Yield,hg/ha,26693.0,28669.0,26654.0,27742.0,28765.0,26779.0,25506.0,25129.0,23802.0,30342.0,26105.0,26031.0,23671.0,29040.0,22762.0,29990.0,31042.0,30934.0,31622.0,32339.0,32604.0
29853,Kyrgyzstan,74.766098,41.20438,"Cereals, Total",Production,tonnes,1550090.0,1794556.0,1712217.0,1633632.0,1708898.0,1621549.0,1504006.0,1417557.0,1440359.0,1858103.0,1510268.0,1504683.0,1357041.0,1728265.0,1355798.0,1753400.0,1763628.0,1720954.0,1783480.0,1823520.0,1901476.0
30081,Laos,102.495496,19.85627,"Cereals, Total",Yield,hg/ha,30177.0,30944.0,32445.0,31167.0,32614.0,35772.0,36344.0,38373.0,40155.0,41701.0,38315.0,40433.0,40817.0,41956.0,45078.0,46082.0,46267.0,44977.0,45042.0,45133.0,47370.0
30082,Laos,102.495496,19.85627,"Cereals, Total",Production,tonnes,2318700.0,2446569.0,2540622.0,2518278.0,2732500.0,2940560.0,3113650.0,3398240.0,4077685.0,4279186.0,4091515.0,4161995.0,4614695.0,4628645.0,5414865.0,5618250.0,5701160.0,5232304.0,4566380.0,4328125.0,4837336.0
30428,Latvia,24.603189,56.879635,"Cereals, Total",Yield,hg/ha,21990.0,20915.0,24783.0,21760.0,24262.0,28029.0,22640.0,29416.0,31044.0,30753.0,27755.0,27380.0,37675.0,33738.0,34865.0,45131.0,38284.0,42502.0,30263.0,43101.0,46628.0
30429,Latvia,24.603189,56.879635,"Cereals, Total",Production,tonnes,923624.0,928000.0,1028500.0,932400.0,1059500.0,1314300.0,1158700.0,1535200.0,1689400.0,1663100.0,1435500.0,1412000.0,2124500.0,1948700.0,2227200.0,3021500.0,2703200.0,2692500.0,2057300.0,3163200.0,3497100.0
30757,Lebanon,35.862285,33.854721,"Cereals, Total",Yield,hg/ha,24149.0,29117.0,24675.0,23720.0,27276.0,27031.0,26848.0,21897.0,26877.0,26189.0,26249.0,27632.0,28893.0,29815.0,33860.0,32687.0,31555.0,28985.0,29665.0,31176.0,31001.0
30758,Lebanon,35.862285,33.854721,"Cereals, Total",Production,tonnes,122800.0,152950.0,140144.0,145836.0,165057.0,177240.0,189400.0,153370.0,177000.0,146600.0,111784.0,158638.0,188629.0,178659.0,176627.0,180116.0,181184.0,166851.0,163620.0,175491.0,174469.0
30898,Lesotho,28.233608,-29.609988,"Cereals, Total",Yield,hg/ha,7188.0,9955.0,7363.0,6091.0,5954.0,6868.0,5225.0,4356.0,3900.0,4210.0,9091.0,6631.0,6535.0,7644.0,6806.0,6583.0,4669.0,9868.0,7138.0,6954.0,8824.0
30899,Lesotho,28.233608,-29.609988,"Cereals, Total",Production,tonnes,149724.0,254960.0,149948.0,116475.0,109280.0,111648.0,118736.0,72685.0,74020.0,75442.0,173193.0,103973.0,101483.0,107674.0,115906.0,83010.0,25862.0,216192.0,158029.0,35279.0,98821.0
31071,Liberia,-9.429499,6.428055,"Cereals, Total",Yield,hg/ha,12780.0,11154.0,9167.0,8333.0,9167.0,12900.0,12615.0,14488.0,15534.0,11835.0,11786.0,11731.0,12853.0,12501.0,11720.0,11291.0,10732.0,10595.0,10836.0,10980.0,11250.0
31072,Liberia,-9.429499,6.428055,"Cereals, Total",Production,tonnes,183400.0,145000.0,110000.0,100000.0,110000.0,154800.0,164000.0,231800.0,295150.0,293000.0,296090.0,291000.0,297000.0,270000.0,266000.0,296000.0,335180.0,247495.0,257995.0,269000.0,270000.0
31330,Libya,17.228331,26.3351,"Cereals, Total",Yield,hg/ha,6377.0,6194.0,6323.0,6200.0,6200.0,6228.0,6226.0,6230.0,6217.0,6341.0,6699.0,6645.0,6793.0,6638.0,6668.0,6653.0,6699.0,6809.0,6945.0,6760.0,6724.0
31331,Libya,17.228331,26.3351,"Cereals, Total",Production,tonnes,221780.0,217800.0,217100.0,216700.0,218465.0,233600.0,213470.0,213770.0,213200.0,215350.0,243539.0,275210.0,307526.0,305900.0,304363.0,254600.0,299288.0,209417.0,279435.0,219380.0,209411.0
31713,Lithuania,23.881275,55.169438,"Cereals, Total",Yield,hg/ha,27075.0,25050.0,27659.0,30370.0,32549.0,29402.0,19294.0,30071.0,33482.0,34496.0,27635.0,30299.0,40153.0,36878.0,39752.0,45646.0,38598.0,42302.0,31812.0,38589.0,47342.0
31714,Lithuania,23.881275,55.169438,"Cereals, Total",Production,tonnes,2667602.0,2356160.0,2539100.0,2625800.0,2859400.0,2811100.0,1857800.0,3017000.0,3421900.0,3806600.0,2796700.0,3225900.0,4656600.0,4474800.0,5123200.0,6066749.0,5120821.0,5074188.0,3999510.0,5207890.0,6544720.0
32032,Luxembourg,6.129583,49.815273,"Cereals, Total",Yield,hg/ha,53288.0,51423.0,57480.0,56780.0,63966.0,56348.0,55968.0,52029.0,61064.0,62021.0,55933.0,51932.0,55227.0,59674.0,59357.0,60271.0,49997.0,53396.0,59935.0,59726.0,57368.0
32033,Luxembourg,6.129583,49.815273,"Cereals, Total",Production,tonnes,152830.0,144299.0,169038.0,164133.0,178984.0,160569.0,161461.0,148351.0,190722.0,188562.0,166184.0,149591.0,153433.0,173287.0,168563.0,176516.0,139262.0,149291.0,157630.0,163590.0,146230.0
32393,Madagascar,46.869107,-18.766947,"Cereals, Total",Yield,hg/ha,18909.0,20207.0,19674.0,22017.0,23532.0,25145.0,25653.0,26201.0,28113.0,31834.0,32717.0,32962.0,33489.0,34601.0,37057.0,39109.0,39458.0,43360.0,26442.0,25751.0,24702.0
32394,Madagascar,46.869107,-18.766947,"Cereals, Total",Production,tonnes,2660170.0,2853015.0,2786949.0,3127725.0,3389544.0,3794600.0,3904370.0,4024722.0,4355509.0,4975573.0,5159720.0,4739752.0,5009947.0,3997774.0,4350378.0,4057987.0,4138500.0,3888312.0,4251342.0,4456721.0,4459253.0
32708,Malawi,34.301525,-13.254308,"Cereals, Total",Yield,hg/ha,16755.0,11755.0,10457.0,12090.0,10206.0,7778.0,14447.0,24670.0,15987.0,21243.0,19069.0,20943.0,20871.0,20688.0,22181.0,15906.0,13474.0,19031.0,15312.0,18740.0,20044.0
32709,Malawi,34.301525,-13.254308,"Cereals, Total",Production,tonnes,2631034.0,1865675.0,1710577.0,2143179.0,1717993.0,1302379.0,2786281.0,3440138.0,2845840.0,3807971.0,3610283.0,3924971.0,3832659.0,3892310.0,4246674.0,3001731.0,2531749.0,3711454.0,2925168.0,3703148.0,4028212.0
32996,Malaysia,101.975766,4.210484,"Cereals, Total",Yield,hg/ha,30395.0,31081.0,32321.0,33472.0,33149.0,34070.0,33836.0,35406.0,35992.0,37347.0,36599.0,37802.0,38667.0,39480.0,30339.0,40542.0,40132.0,37974.0,38168.0,35522.0,36499.0
32997,Malaysia,101.975766,4.210484,"Cereals, Total",Production,tonnes,2205800.0,2161995.0,2267351.0,2329000.0,2336000.0,2389000.0,2267000.0,2407075.0,2385959.0,2547439.0,2512432.0,2635830.0,2682983.0,2690153.0,1894019.0,2803864.0,2804473.0,2643074.0,2708109.0,2413368.0,2389843.0
33100,Maldives,73.22068,3.202778,"Cereals, Total",Yield,hg/ha,14925.0,16176.0,16667.0,15000.0,19701.0,17647.0,19286.0,19714.0,20714.0,21618.0,22162.0,23562.0,25000.0,25325.0,23214.0,22644.0,24512.0,24096.0,23765.0,23929.0,23529.0
33101,Maldives,73.22068,3.202778,"Cereals, Total",Production,tonnes,100.0,110.0,110.0,177.0,132.0,120.0,135.0,138.0,145.0,147.0,164.0,172.0,185.0,195.0,195.0,197.0,201.0,200.0,202.0,201.0,200.0
33403,Mali,-3.996166,17.570692,"Cereals, Total",Yield,hg/ha,10065.0,9863.0,7886.0,9814.0,12065.0,10895.0,11248.0,11012.0,13977.0,18004.0,14528.0,10468.0,15068.0,15124.0,15507.0,15755.0,16075.0,16019.0,17289.0,17677.0,16860.0
33404,Mali,-3.996166,17.570692,"Cereals, Total",Production,tonnes,2310196.0,2584033.0,2518354.0,3409360.0,2845020.0,3398743.0,3693357.0,3885587.0,4814996.0,6057354.0,5338937.0,5777865.0,6555027.0,6993980.0,6980885.0,8055052.0,8849710.0,9296135.0,10159698.0,10451432.0,10352054.0
33734,Malta,14.375416,35.937496,"Cereals, Total",Yield,hg/ha,40075.0,40000.0,47809.0,40136.0,40840.0,41292.0,40323.0,42388.0,47143.0,47892.0,46905.0,46710.0,46398.0,46689.0,47396.0,48238.0,48202.0,48802.0,,,
33735,Malta,14.375416,35.937496,"Cereals, Total",Production,tonnes,11714.0,11800.0,12000.0,11800.0,12252.0,12433.0,12500.0,14200.0,16500.0,15900.0,15169.0,14597.0,14272.0,13974.0,13707.0,12180.0,12759.0,14587.0,0.0,0.0,0.0
34124,Mauritania,-10.940835,21.00789,"Cereals, Total",Yield,hg/ha,8644.0,6391.0,10118.0,7977.0,6375.0,8412.0,6613.0,7058.0,7658.0,7133.0,9552.0,13745.0,10344.0,11970.0,16788.0,12659.0,11545.0,18490.0,15080.0,18227.0,15538.0
34125,Mauritania,-10.940835,21.00789,"Cereals, Total",Production,tonnes,179687.0,124159.0,112767.0,180350.0,115017.0,170771.0,167333.0,182406.0,189537.0,170503.0,278473.0,199092.0,343848.0,311756.0,373295.0,315852.0,308605.0,372303.0,434503.0,479831.0,486125.0
34357,Mauritius,57.552152,-20.348404,"Cereals, Total",Yield,hg/ha,89000.0,72037.0,77632.0,65556.0,64737.0,75397.0,77931.0,94537.0,75410.0,80000.0,68333.0,39018.0,33896.0,32191.0,37651.0,26959.0,34550.0,52348.0,52727.0,68800.0,90471.0
34358,Mauritius,57.552152,-20.348404,"Cereals, Total",Production,tonnes,623.0,389.0,295.0,177.0,369.0,475.0,452.0,1021.0,460.0,112.0,328.0,636.0,1244.0,1278.0,1811.0,1108.0,767.0,602.0,406.0,516.0,769.0
34855,Mexico,-102.552784,23.634501,"Cereals, Total",Yield,hg/ha,27609.0,28552.0,29131.0,29640.0,30786.0,31308.0,32133.0,33530.0,34523.0,34337.0,35012.0,32405.0,34534.0,33869.0,35819.0,34701.0,37488.0,37997.0,38263.0,39924.0,38065.0
34856,Mexico,-102.552784,23.634501,"Cereals, Total",Production,tonnes,27995057.0,31060786.0,28773237.0,31336229.0,32315035.0,29062836.0,32158037.0,34313189.0,36109144.0,31285670.0,34925200.0,28408737.0,33614212.0,33210301.0,36526604.0,34704514.0,38464937.0,37487836.0,36068400.0,36164102.0,36375198.0
35166,Mongolia,103.846656,46.862496,"Cereals, Total",Yield,hg/ha,7701.0,7084.0,5854.0,7853.0,7875.0,4743.0,10980.0,9425.0,13828.0,15518.0,13703.0,14872.0,15653.0,13198.0,16680.0,5747.0,12796.0,8437.0,13796.0,12719.0,12186.0
35167,Mongolia,103.846656,46.862496,"Cereals, Total",Production,tonnes,143309.0,143413.0,127175.0,166480.0,139798.0,77838.0,138572.0,114777.0,212893.0,391659.0,355062.0,446050.0,479349.0,387043.0,525473.0,219068.0,483453.0,238102.0,453850.0,433306.0,430318.0
35381,Montenegro,19.37439,42.708678,"Cereals, Total",Yield,hg/ha,,,,,,,29712.0,19924.0,32397.0,33479.0,33214.0,33057.0,26388.0,37695.0,34515.0,31465.0,32621.0,32875.0,33122.0,32064.0,33384.0
35382,Montenegro,19.37439,42.708678,"Cereals, Total",Production,tonnes,,,,,,,14351.0,2345.0,3865.0,4061.0,3793.0,6294.0,4895.0,7588.0,7614.0,6658.0,7020.0,7216.0,7300.0,6990.0,7094.0
35828,Morocco,-7.09262,31.791702,"Cereals, Total",Yield,hg/ha,3668.0,8946.0,10687.0,14329.0,15121.0,7839.0,16521.0,5164.0,10029.0,19194.0,15475.0,16144.0,10166.0,18283.0,14543.0,21407.0,9360.0,17576.0,22636.0,14541.0,7429.0
35829,Morocco,-7.09262,31.791702,"Cereals, Total",Production,tonnes,1996649.0,4603350.0,5287815.0,7969118.0,8598635.0,4279354.0,9236077.0,2505022.0,5330290.0,10443719.0,7834479.0,8689334.0,5311219.0,9874544.0,6936818.0,11687923.0,3560829.0,9786680.0,10388498.0,5314207.0,3303527.0
36087,Mozambique,35.529562,-18.665695,"Cereals, Total",Yield,hg/ha,8681.0,8801.0,5887.0,8192.0,7742.0,4284.0,6924.0,5814.0,5335.0,8843.0,10284.0,10411.0,11916.0,5648.0,7026.0,7331.0,6508.0,6619.0,7892.0,8244.0,6721.0
36088,Mozambique,35.529562,-18.665695,"Cereals, Total",Production,tonnes,1587548.0,1507208.0,1361337.0,1514953.0,1327853.0,1142170.0,1725608.0,1438604.0,1455084.0,2239000.0,2802582.0,2931941.0,2758683.0,1459320.0,1718167.0,1503910.0,1503088.0,1510100.0,1775517.0,1848259.0,1948665.0
36385,Myanmar,95.956223,21.913965,"Cereals, Total",Yield,hg/ha,30536.0,31098.0,31131.0,32368.0,33329.0,34410.0,35557.0,36676.0,37677.0,37816.0,37981.0,35898.0,35576.0,35929.0,36364.0,36572.0,36068.0,36435.0,37071.0,36605.0,36459.0
36386,Myanmar,95.956223,21.913965,"Cereals, Total",Production,tonnes,21785100.0,22513600.0,22499700.0,23945800.0,25649700.0,28735200.0,32013900.0,32625200.0,33806400.0,34007161.0,34042752.0,30636485.0,28341452.0,28622447.0,28794118.0,28634816.0,28109553.0,29010461.0,30021245.0,28682554.0,27552568.0
36578,Namibia,18.49041,-22.95764,"Cereals, Total",Yield,hg/ha,3912.0,4409.0,2708.0,3015.0,4183.0,4656.0,6205.0,4813.0,4955.0,3648.0,4050.0,4275.0,4311.0,4587.0,2261.0,3707.0,2615.0,4263.0,5025.0,5690.0,3197.0
36579,Namibia,18.49041,-22.95764,"Cereals, Total",Production,tonnes,120979.0,121744.0,87998.0,97334.0,127535.0,129138.0,186008.0,116183.0,112580.0,111738.0,118358.0,118339.0,165800.0,86600.0,111718.0,113530.0,74368.0,137559.0,152898.0,70800.0,174280.0
36662,Nauru,166.931503,-0.522778,"Cereals, Total",Production,tonnes,,,,,,,,,,,,,,,,,,1.0,1.0,0.0,0.0
36949,Nepal,84.124008,28.394857,"Cereals, Total",Yield,hg/ha,21363.0,21770.0,21656.0,22009.0,23112.0,23116.0,22735.0,22133.0,23562.0,23691.0,22899.0,24765.0,27142.0,25697.0,27479.0,27439.0,26054.0,27957.0,29320.0,30936.0,31963.0
36950,Nepal,84.124008,28.394857,"Cereals, Total",Production,tonnes,7115587.0,7120004.0,7220775.0,7366903.0,7754058.0,7774590.0,7663744.0,7336809.0,8077057.0,8122431.0,7770976.0,8615383.0,9457722.0,8580285.0,9562680.0,9266240.0,8614284.0,9758892.0,10053739.0,10625158.0,10935665.0
37315,Netherlands,5.291266,52.132633,"Cereals, Total",Yield,hg/ha,79055.0,72805.0,73139.0,79568.0,80663.0,78797.0,78542.0,72897.0,83323.0,90329.0,85693.0,78008.0,85450.0,86301.0,90737.0,87528.0,77769.0,87945.0,79051.0,86542.0,79199.0
37316,Netherlands,5.291266,52.132633,"Cereals, Total",Production,tonnes,1732100.0,1671600.0,1655207.0,1739331.0,1748400.0,1705043.0,1674669.0,1547600.0,1963010.0,1994422.0,1803153.0,1609679.0,1730981.0,1755536.0,1700506.0,1671654.0,1355219.0,1392686.0,1315250.0,1541910.0,1364440.0
37482,New Caledonia,165.618042,-20.904305,"Cereals, Total",Yield,hg/ha,39958.0,39416.0,38702.0,40291.0,40121.0,38851.0,39560.0,41293.0,38209.0,38057.0,39235.0,34627.0,46132.0,40202.0,48006.0,45411.0,57137.0,74006.0,82995.0,74530.0,84799.0
37483,New Caledonia,165.618042,-20.904305,"Cereals, Total",Production,tonnes,4795.0,4726.0,3994.0,6084.0,5312.0,6290.0,3956.0,5781.0,4203.0,2664.0,3335.0,2597.0,4198.0,4386.0,4815.0,7075.0,8782.0,9606.0,10308.0,8951.0,10125.0
37825,New Zealand,174.885971,-40.900557,"Cereals, Total",Yield,hg/ha,63165.0,65347.0,62763.0,70599.0,64621.0,75662.0,70287.0,79164.0,73798.0,69099.0,73871.0,69532.0,80120.0,81056.0,80339.0,80266.0,83838.0,84644.0,80642.0,81942.0,90292.0
37826,New Zealand,174.885971,-40.900557,"Cereals, Total",Production,tonnes,855511.0,940393.0,939377.0,944472.0,763040.0,871437.0,788645.0,926928.0,999287.0,1124280.0,1001296.0,999389.0,1168496.0,1103221.0,1097943.0,1114618.0,1096490.0,936994.0,977780.0,1017354.0,1018761.0
38058,Nicaragua,-85.207229,12.865416,"Cereals, Total",Yield,hg/ha,16877.0,16929.0,17319.0,18602.0,17981.0,17787.0,19023.0,18225.0,18110.0,20767.0,20861.0,19948.0,19442.0,17632.0,19143.0,19404.0,19337.0,21041.0,22818.0,22488.0,22237.0
38059,Nicaragua,-85.207229,12.865416,"Cereals, Total",Production,tonnes,783484.0,754945.0,910681.0,1002006.0,798823.0,963653.0,894613.0,864166.0,783571.0,914273.0,969740.0,1009193.0,982568.0,965045.0,838643.0,747920.0,933034.0,909046.0,893458.0,925610.0,905198.0
38341,Niger,8.081666,17.607789,"Cereals, Total",Yield,hg/ha,2892.0,3944.0,4229.0,4295.0,3415.0,4366.0,4496.0,4248.0,4965.0,3860.0,4948.0,3628.0,5203.0,4077.0,4468.0,5513.0,5365.0,5419.0,5547.0,5015.0,5602.0
38342,Niger,8.081666,17.607789,"Cereals, Total",Production,tonnes,2126435.0,3110006.0,3324123.0,3368540.0,2684260.0,3667114.0,4028571.0,3847038.0,4883823.0,3507976.0,5264113.0,3619099.0,5334840.0,4361285.0,4915346.0,5464509.0,5852503.0,5899751.0,6100232.0,5339062.0,5878468.0
38607,Nigeria,8.675277,9.081999,"Cereals, Total",Yield,hg/ha,11715.0,12336.0,12552.0,13088.0,13728.0,14217.0,15075.0,13998.0,15984.0,15311.0,15280.0,13344.0,13990.0,12347.0,14520.0,14452.0,14409.0,13403.0,13876.0,14422.0,14200.0
38608,Nigeria,8.675277,9.081999,"Cereals, Total",Production,tonnes,21370000.0,20090000.0,21373000.0,22736000.0,24321000.0,26031000.0,28864000.0,27171000.0,30209000.0,21267630.0,24650298.0,20699526.0,21427122.0,19617693.0,24517330.0,25451761.0,28364429.0,26835649.0,28465111.0,29943308.0,28672504.0
39280,Norway,8.468946,60.472024,"Cereals, Total",Yield,hg/ha,39309.0,37095.0,34952.0,39407.0,44006.0,39929.0,36745.0,38550.0,44881.0,34463.0,40042.0,34369.0,36868.0,33743.0,43634.0,48030.0,46516.0,45614.0,26562.0,48323.0,41963.0
39281,Norway,8.468946,60.472024,"Cereals, Total",Production,tonnes,1305420.0,1221040.0,1143021.0,1287340.0,1444570.0,1298530.0,1169160.0,1202380.0,1386930.0,1054900.0,1205800.0,1026770.0,1084690.0,965230.0,1238100.0,1357900.0,1326000.0,1307300.0,743100.0,1323700.0,1239000.0
39476,Oman,55.923255,21.512583,"Cereals, Total",Yield,hg/ha,51543.0,51008.0,50964.0,50669.0,48318.0,50188.0,48523.0,48678.0,47747.0,121808.0,94216.0,94241.0,94803.0,90473.0,77500.0,139834.0,129276.0,129465.0,132144.0,132417.0,186241.0
39477,Oman,55.923255,21.512583,"Cereals, Total",Production,tonnes,33163.0,33461.0,33534.0,33305.0,37746.0,32858.0,31176.0,32483.0,30429.0,61769.0,46034.0,58015.0,52464.0,50873.0,40664.0,78950.0,63203.0,63412.0,64777.0,65414.0,182051.0
39857,Pakistan,69.345116,30.375321,"Cereals, Total",Yield,hg/ha,24045.0,22305.0,22602.0,23206.0,24307.0,26158.0,25540.0,27439.0,26537.0,27897.0,26110.0,29534.0,28626.0,30013.0,30012.0,29424.0,30207.0,31804.0,28872.0,28938.0,30208.0
39858,Pakistan,69.345116,30.375321,"Cereals, Total",Production,tonnes,30460700.0,27048000.0,27172850.0,28963500.0,30311300.0,33507800.0,33027900.0,35812200.0,35528100.0,38147050.0,34811258.0,39304580.0,36496350.0,40109711.0,41895811.0,41081682.0,42555022.0,44299995.0,39658364.0,40205238.0,42540915.0
40171,Palestine,35.233154,31.952162,"Cereals, Total",Yield,hg/ha,21846.0,12770.0,22967.0,20536.0,19303.0,20941.0,17125.0,17495.0,12407.0,12142.0,18608.0,15807.0,19558.0,21826.0,21832.0,21104.0,24491.0,21551.0,21546.0,21907.0,22233.0
40172,Palestine,35.233154,31.952162,"Cereals, Total",Production,tonnes,67842.0,40182.0,77439.0,68061.0,62406.0,68378.0,55400.0,55347.0,42147.0,40405.0,26980.0,24652.0,35904.0,59055.0,59112.0,50142.0,57727.0,51066.0,50162.0,50668.0,50655.0
40392,Panama,-80.782127,8.537981,"Cereals, Total",Yield,hg/ha,22370.0,25425.0,25910.0,26946.0,21590.0,24839.0,23955.0,25995.0,26943.0,25964.0,22460.0,25601.0,25397.0,28268.0,29832.0,24375.0,29925.0,29554.0,32272.0,32969.0,33742.0
40393,Panama,-80.782127,8.537981,"Cereals, Total",Production,tonnes,339302.0,418146.0,437733.0,501310.0,381785.0,380591.0,385980.0,382577.0,399609.0,389582.0,346388.0,400174.0,370023.0,423781.0,401220.0,388183.0,450357.0,433472.0,479139.0,497774.0,529715.0
40620,Papua New Guinea,143.95555,-6.314993,"Cereals, Total",Yield,hg/ha,40242.0,42000.0,40053.0,35989.0,36200.0,37410.0,37166.0,38867.0,39678.0,41867.0,43435.0,47883.0,41919.0,46406.0,47266.0,47481.0,46439.0,46576.0,47221.0,46882.0,46732.0
40621,Papua New Guinea,143.95555,-6.314993,"Cereals, Total",Production,tonnes,11300.0,12600.0,12805.0,10300.0,10480.0,11672.0,12250.0,13242.0,14300.0,15202.0,15919.0,18205.0,15271.0,17365.0,17753.0,18190.0,17944.0,17983.0,18048.0,17998.0,18015.0
40918,Paraguay,-58.443832,-23.442503,"Cereals, Total",Yield,hg/ha,19803.0,21603.0,20904.0,23235.0,24618.0,21679.0,23438.0,26988.0,26813.0,23574.0,34569.0,34818.0,30357.0,36832.0,32767.0,41489.0,44255.0,44465.0,42257.0,46011.0,47065.0
40919,Paraguay,-58.443832,-23.442503,"Cereals, Total",Production,tonnes,1013677.0,1628020.0,1548965.0,1908170.0,1979103.0,1749200.0,2423773.0,2963943.0,3442536.0,3166135.0,4975564.0,5367547.0,5160750.0,6272395.0,4931500.0,7090736.0,7262200.0,7207780.0,7069529.0,8112030.0,8433186.0
41354,Peru,-75.015152,-9.189967,"Cereals, Total",Yield,hg/ha,30841.0,32413.0,33729.0,34425.0,32780.0,35579.0,35205.0,34856.0,38332.0,39190.0,38979.0,38980.0,41496.0,41013.0,40170.0,42422.0,41873.0,42164.0,45311.0,43700.0,45629.0
41355,Peru,-75.015152,-9.189967,"Cereals, Total",Production,tonnes,3554034.0,3737483.0,3844443.0,3920080.0,3438251.0,4131905.0,4063601.0,4032733.0,4698251.0,5049848.0,4868327.0,4616641.0,5223285.0,5249331.0,5009103.0,5469457.0,5179379.0,5140742.0,5654850.0,5284025.0,5406607.0
41726,Philippines,121.774017,12.879721,"Cereals, Total",Yield,hg/ha,25808.0,26678.0,27306.0,28234.0,29923.0,30490.0,31808.0,33198.0,33343.0,32289.0,32319.0,33406.0,34926.0,35318.0,36374.0,35561.0,35290.0,36923.0,36705.0,37379.0,37694.0
41727,Philippines,121.774017,12.879721,"Cereals, Total",Production,tonnes,16901159.0,17480299.0,17590069.0,18115690.0,19910353.0,19856348.0,21408902.0,22977304.0,23744012.0,23300701.0,22149369.0,23655648.0,25440477.0,25817440.0,26739122.0,25669247.0,24846678.0,27191819.0,26838577.0,26794251.0,27413963.0
42142,Poland,19.145136,51.919438,"Cereals, Total",Yield,hg/ha,25348.0,30564.0,32408.0,28654.0,35376.0,32331.0,25982.0,32495.0,32172.0,34751.0,35840.0,34304.0,37049.0,38044.0,42680.0,37278.0,40335.0,41996.0,33667.0,36053.0,47048.0
42143,Poland,19.145136,51.919438,"Cereals, Total",Production,tonnes,22340612.0,26960313.0,26877272.0,23390757.0,29635147.0,26927924.0,21775931.0,27142811.0,27664297.0,29826416.0,27228098.0,26767403.0,28543870.0,28455154.0,31945433.0,28002726.0,29849223.0,31924964.0,26281580.0,28450920.0,34865080.0
42586,Portugal,-8.224454,39.399872,"Cereals, Total",Yield,hg/ha,27935.0,26453.0,29186.0,26432.0,29656.0,21140.0,32090.0,34157.0,35897.0,32899.0,33513.0,40884.0,40916.0,43364.0,44160.0,46069.0,44224.0,47597.0,48090.0,51440.0,48493.0
42587,Portugal,-8.224454,39.399872,"Cereals, Total",Production,tonnes,1614404.0,1303355.0,1502831.0,1191546.0,1374973.0,823082.0,1197572.0,1066037.0,1311584.0,1118225.0,1019204.0,1157421.0,1178144.0,1362407.0,1333258.0,1240203.0,1138085.0,1125906.0,1114440.0,1163890.0,1056070.0
42820,Puerto Rico,-66.590149,18.220833,"Cereals, Total",Yield,hg/ha,17308.0,17574.0,17905.0,18363.0,18761.0,19156.0,18519.0,20422.0,21416.0,21932.0,25094.0,26494.0,27647.0,28966.0,21071.0,30000.0,28302.0,21667.0,25658.0,25079.0,26212.0
42821,Puerto Rico,-66.590149,18.220833,"Cereals, Total",Production,tonnes,450.0,355.0,265.0,415.0,424.0,454.0,500.0,484.0,469.0,454.0,266.0,204.0,141.0,84.0,59.0,306.0,150.0,130.0,195.0,158.0,173.0
43012,Qatar,51.183884,25.354826,"Cereals, Total",Yield,hg/ha,40994.0,40467.0,40699.0,37064.0,41216.0,36492.0,35474.0,41545.0,49219.0,63248.0,75926.0,60498.0,60764.0,57190.0,64947.0,58474.0,46837.0,49964.0,87094.0,65649.0,84252.0
43013,Qatar,51.183884,25.354826,"Cereals, Total",Production,tonnes,7215.0,6584.0,6467.0,7083.0,5490.0,7094.0,6740.0,5002.0,3150.0,2220.0,2665.0,1700.0,1908.0,2259.0,2455.0,1801.0,1377.0,1374.0,2308.0,1011.0,1803.0
43350,South Korea,127.766922,35.907757,"Cereals, Total",Yield,hg/ha,63795.0,64656.0,60171.0,57869.0,64270.0,63023.0,62999.0,60353.0,66300.0,67453.0,62022.0,62927.0,61358.0,64792.0,66180.0,68149.0,67927.0,66783.0,66075.0,65384.0,62118.0
43351,South Korea,127.766922,35.907757,"Cereals, Total",Production,tonnes,7435175.0,7746435.0,6990361.0,6400167.0,7014673.0,6721823.0,6541077.0,6235335.0,6752447.0,6757669.0,6020703.0,5825776.0,5604304.0,5810451.0,5852499.0,5976258.0,5831046.0,5487932.0,5418632.0,5272879.0,4945284.0
43666,Moldova,28.369885,47.411631,"Cereals, Total",Yield,hg/ha,20328.0,24871.0,25028.0,23535.0,28320.0,27934.0,25502.0,21109.0,32216.0,23727.0,27340.0,28659.0,23442.0,28518.0,31623.0,23709.0,31973.0,36519.0,36832.0,38590.0,18936.0
43667,Moldova,28.369885,47.411631,"Cereals, Total",Production,tonnes,1905097.0,2550044.0,2539059.0,2000680.0,2942574.0,2771711.0,2222357.0,1825348.0,3132303.0,2149173.0,2386009.0,2466400.0,2055650.0,2654337.0,2886891.0,2183323.0,2954175.0,3285836.0,3421119.0,3498682.0,1478349.0
44378,Romania,24.96676,45.943161,"Cereals, Total",Yield,hg/ha,19278.0,30294.0,25125.0,25349.0,39974.0,33342.0,31023.0,16452.0,32473.0,28248.0,33297.0,39930.0,23641.0,38632.0,40692.0,35439.0,39713.0,52277.0,59972.0,54575.0,34527.0
44379,Romania,24.96676,45.943161,"Cereals, Total",Production,tonnes,10477506.0,18870926.0,14356504.0,12964404.0,24399681.0,19347775.0,15759324.0,7814825.0,16826441.0,14872952.0,16712883.0,20842160.0,12824138.0,20897076.0,22070736.0,19332821.0,21764816.0,27138884.0,31552790.0,30411970.0,19373760.0
44767,Russia,105.318756,61.52401,"Cereals, Total",Yield,hg/ha,15614.0,19347.0,19691.0,17774.0,18765.0,18527.0,18869.0,19898.0,23873.0,22806.0,18427.0,22603.0,18589.0,22410.0,24440.0,23917.0,26508.0,29672.0,26161.0,27141.0,29056.0
44768,Russia,105.318756,61.52401,"Cereals, Total",Production,tonnes,64242691.0,83303483.0,84730327.0,65335462.0,75986000.0,76192100.0,76494549.0,80207513.0,106417890.0,95615476.0,59619074.0,91780914.0,68753479.0,90364971.0,103135895.0,102444492.0,117753222.0,131294322.0,109838123.0,117876704.0,130037708.0
45031,Rwanda,29.873888,-1.940278,"Cereals, Total",Yield,hg/ha,8483.0,9130.0,10284.0,9443.0,9593.0,11836.0,11379.0,10150.0,12673.0,17360.0,19599.0,20832.0,21555.0,21514.0,19769.0,14458.0,14640.0,12852.0,14338.0,14464.0,14592.0
45032,Rwanda,29.873888,-1.940278,"Cereals, Total",Production,tonnes,239705.0,284708.0,308447.0,297669.0,318944.0,413314.0,370523.0,356306.0,403986.0,554209.0,673906.0,771584.0,815512.0,931662.0,809148.0,613825.0,663617.0,634848.0,711287.0,733170.0,753504.0
45386,Saint Lucia,-60.978893,13.909444,"Cereals, Total",Yield,hg/ha,,,,,,,,,,,,,,,,,,,,,
45387,Saint Lucia,-60.978893,13.909444,"Cereals, Total",Production,tonnes,,,,,,,,,,,,,,,,,,,,,
45584,Saint Vincent and the Grenadines,-61.287228,12.984305,"Cereals, Total",Yield,hg/ha,150000.0,142857.0,148571.0,148250.0,144444.0,144186.0,135714.0,121818.0,127273.0,167500.0,187742.0,276400.0,258788.0,239583.0,244857.0,242188.0,247429.0,282250.0,278378.0,281250.0,292414.0
45585,Saint Vincent and the Grenadines,-61.287228,12.984305,"Cereals, Total",Production,tonnes,600.0,500.0,520.0,593.0,650.0,620.0,950.0,670.0,700.0,670.0,582.0,691.0,854.0,575.0,857.0,775.0,866.0,1129.0,1030.0,900.0,848.0
46107,Saudi Arabia,45.079162,23.885942,"Cereals, Total",Yield,hg/ha,35164.0,39320.0,40476.0,42289.0,46752.0,47532.0,50471.0,51218.0,52213.0,48744.0,55078.0,54833.0,51642.0,53598.0,51807.0,55828.0,54409.0,56335.0,49002.0,49078.0,48604.0
46108,Saudi Arabia,45.079162,23.885942,"Cereals, Total",Production,tonnes,2167394.0,2591615.0,2852747.0,2948817.0,3189319.0,3006637.0,3042777.0,2960073.0,2431704.0,1585994.0,1565155.0,1414016.0,1084597.0,881553.0,1568940.0,1616813.0,1507153.0,1493943.0,1280769.0,1262801.0,1180993.0
46388,Senegal,-14.452362,14.497401,"Cereals, Total",Yield,hg/ha,8794.0,8871.0,6516.0,10907.0,9745.0,12011.0,8790.0,7225.0,11742.0,11346.0,11965.0,9669.0,12213.0,11241.0,11115.0,13761.0,15732.0,14762.0,16443.0,16013.0,18216.0
46389,Senegal,-14.452362,14.497401,"Cereals, Total",Production,tonnes,1025921.0,1022611.0,785396.0,1451891.0,1053583.0,1432831.0,988315.0,772239.0,1739656.0,1831567.0,1767822.0,1099275.0,1499757.0,1270937.0,1251248.0,2152246.0,1786622.0,2516465.0,2889218.0,2768798.0,3640545.0
46707,Serbia,21.005859,44.016521,"Cereals, Total",Yield,hg/ha,,,,,,,44552.0,32326.0,45706.0,46011.0,49588.0,47514.0,37017.0,51578.0,59606.0,47873.0,61659.0,39675.0,61316.0,61272.0,65601.0
46708,Serbia,21.005859,44.016521,"Cereals, Total",Production,tonnes,,,,,,,8416678.0,6261226.0,8853133.0,9004417.0,9295194.0,9082266.0,6379256.0,9123502.0,10876562.0,8458145.0,10893437.0,6818156.0,10552897.0,10461255.0,11472036.0
47371,Sierra Leone,-11.779889,8.460555,"Cereals, Total",Yield,hg/ha,10782.0,9982.0,9959.0,10118.0,10003.0,11178.0,13476.0,12904.0,13509.0,16459.0,17472.0,17511.0,15390.0,17775.0,15197.0,13397.0,10923.0,11408.0,8118.0,15193.0,16317.0
47372,Sierra Leone,-11.779889,8.460555,"Cereals, Total",Production,tonnes,222472.0,334600.0,466479.0,496093.0,614202.0,824691.0,1158933.0,656252.0,758302.0,976873.0,1144650.0,1257898.0,1258511.0,1374084.0,1304449.0,987060.0,984599.0,1025442.0,1038738.0,1084057.0,1170307.0
47958,Slovakia,19.699024,48.669026,"Cereals, Total",Yield,hg/ha,27099.0,38897.0,38997.0,31360.0,46418.0,45118.0,39963.0,35612.0,51753.0,43315.0,37373.0,50090.0,38291.0,44904.0,60387.0,50796.0,64304.0,48560.0,54097.0,53360.0,61298.0
47959,Slovakia,19.699024,48.669026,"Cereals, Total",Production,tonnes,2202543.0,3212188.0,3197881.0,2490571.0,3797352.0,3585251.0,2928803.0,2793485.0,4137019.0,3332824.0,2554376.0,3714041.0,3035810.0,3411961.0,4707656.0,3805712.0,4847544.0,3484061.0,4020160.0,4104050.0,4580900.0
48354,Slovenia,14.995463,46.151241,"Cereals, Total",Yield,hg/ha,48031.0,47345.0,61179.0,40115.0,58262.0,60070.0,51160.0,53413.0,54747.0,52683.0,59810.0,63738.0,57619.0,46155.0,64725.0,62839.0,64646.0,55400.0,60719.0,65031.0,73927.0
48355,Slovenia,14.995463,46.151241,"Cereals, Total",Production,tonnes,496964.0,499565.0,614326.0,402240.0,586833.0,579486.0,496875.0,535319.0,583181.0,536505.0,572622.0,611690.0,580413.0,461462.0,653111.0,628408.0,642479.0,551216.0,597050.0,642250.0,749470.0
48489,Solomon Is.,160.156194,-9.64571,"Cereals, Total",Yield,hg/ha,46495.0,46496.0,45984.0,32076.0,31250.0,30000.0,33505.0,30011.0,25455.0,22727.0,20919.0,22486.0,21526.0,20392.0,19136.0,18792.0,19364.0,19102.0,19046.0,19174.0,19142.0
48490,Solomon Is.,160.156194,-9.64571,"Cereals, Total",Production,tonnes,4524.0,2083.0,2267.0,1947.0,2500.0,3000.0,3250.0,2800.0,2800.0,2500.0,2617.0,2777.0,2751.0,2759.0,2748.0,2738.0,2740.0,2743.0,2735.0,2740.0,2745.0
48679,Somalia,46.199616,5.152149,"Cereals, Total",Yield,hg/ha,7330.0,8127.0,7698.0,6880.0,5811.0,6509.0,4937.0,6058.0,5575.0,4164.0,5752.0,4572.0,11900.0,9640.0,5829.0,5938.0,5074.0,5070.0,7092.0,5208.0,5003.0
48680,Somalia,46.199616,5.152149,"Cereals, Total",Production,tonnes,392408.0,429062.0,441850.0,402824.0,366470.0,355709.0,260299.0,196970.0,230588.0,229641.0,355815.0,118873.0,385345.0,383243.0,256620.0,265481.0,142414.0,174691.0,234527.0,184325.0,177226.0
49043,South Africa,22.937506,-30.559482,"Cereals, Total",Yield,hg/ha,27659.0,24241.0,27726.0,25368.0,27779.0,33096.0,31410.0,27903.0,40632.0,44055.0,41504.0,40170.0,42435.0,40430.0,48996.0,35416.0,38212.0,57020.0,49388.0,43166.0,54072.0
49044,South Africa,22.937506,-30.559482,"Cereals, Total",Production,tonnes,14549009.0,10714748.0,13048224.0,11819153.0,12026899.0,14175144.0,9452300.0,9507863.0,15339477.0,14570878.0,14700932.0,12928365.0,14556168.0,14154568.0,16617349.0,11908002.0,10193885.0,18860592.0,14971803.0,13323672.0,18237226.0
49804,Spain,-3.74922,40.463667,"Cereals, Total",Yield,hg/ha,36033.0,28047.0,32220.0,32507.0,37501.0,21593.0,30282.0,39339.0,35735.0,29448.0,32915.0,36918.0,28425.0,40471.0,32485.0,32431.0,38778.0,27702.0,42055.0,34455.0,45015.0
49805,Spain,-3.74922,40.463667,"Cereals, Total",Production,tonnes,24581639.0,18078871.0,21742198.0,21445314.0,24842578.0,14241390.0,19088631.0,24538959.0,23995338.0,17894933.0,19880013.0,22097143.0,17547278.0,25366791.0,20581146.0,20149310.0,24056790.0,16653669.0,25348920.0,20589030.0,27320900.0
50093,Sri Lanka,80.771797,7.873054,"Cereals, Total",Yield,hg/ha,33382.0,34249.0,34051.0,32826.0,35637.0,34672.0,35798.0,37279.0,36167.0,37906.0,39743.0,35208.0,35829.0,38335.0,38019.0,38493.0,38453.0,30546.0,37771.0,47374.0,47468.0
50094,Sri Lanka,80.771797,7.873054,"Cereals, Total",Production,tonnes,2896040.0,2728140.0,2890180.0,3106450.0,2668240.0,3294530.0,3396030.0,3193100.0,4017620.0,3788070.0,4469740.0,4038207.0,4054851.0,4837225.0,3625675.0,5051181.0,4672771.0,2579086.0,4200098.0,4837907.0,5434887.0
50366,Sudan,30.217636,12.862807,"Cereals, Total",Yield,hg/ha,,,,,,,,,,,,,5373.0,5928.0,6827.0,5699.0,6848.0,6038.0,7306.0,5529.0,4459.0
50367,Sudan,30.217636,12.862807,"Cereals, Total",Production,tonnes,,,,,,,,,,,,,3026000.0,5947000.0,8063900.0,4088600.0,8509000.0,5546184.0,8860000.0,5630000.0,3821458.0
50860,Suriname,-56.027783,3.919305,"Cereals, Total",Yield,hg/ha,38960.0,37658.0,39212.0,36938.0,35592.0,35977.0,41287.0,42527.0,41887.0,42089.0,42324.0,41327.0,43619.0,44958.0,44330.0,45296.0,44330.0,48790.0,48684.0,45553.0,46376.0
50861,Suriname,-56.027783,3.919305,"Cereals, Total",Production,tonnes,163695.0,191385.0,157166.0,193750.0,174563.0,163990.0,182705.0,179061.0,182904.0,229394.0,226721.0,235330.0,224156.0,262076.0,275938.0,268529.0,278166.0,289517.0,274001.0,274408.0,285858.0
51193,Sweden,18.643501,60.128161,"Cereals, Total",Yield,hg/ha,45603.0,45833.0,47804.0,45845.0,48929.0,49323.0,42922.0,51508.0,48205.0,50789.0,45104.0,47129.0,51018.0,51235.0,56469.0,60536.0,54382.0,59923.0,35355.0,62921.0,59944.0
51194,Sweden,18.643501,60.128161,"Cereals, Total",Production,tonnes,5604200.0,5382000.0,5398400.0,5290000.0,5507800.0,5050600.0,4128400.0,5057600.0,5195000.0,5241900.0,4279500.0,4656800.0,5055900.0,4985200.0,5775400.0,6162400.0,5447300.0,5949600.0,3260100.0,6147700.0,5954500.0
51531,Switzerland,8.227512,46.818188,"Cereals, Total",Yield,hg/ha,64022.0,60119.0,62698.0,50865.0,67325.0,63004.0,61650.0,64185.0,64131.0,65783.0,60939.0,68746.0,64643.0,59456.0,70446.0,64319.0,51546.0,68002.0,63323.0,65981.0,69869.0
51532,Switzerland,8.227512,46.818188,"Cereals, Total",Production,tonnes,1169500.0,1079600.0,1087700.0,847200.0,1089000.0,1056500.0,1013200.0,1012697.0,1002471.0,1006184.0,924003.0,999473.0,950518.0,867294.0,994311.0,909943.0,743880.0,976614.0,895098.0,929844.0,1007794.0
51927,Syria,38.996815,34.802075,"Cereals, Total",Yield,hg/ha,11486.0,16926.0,19935.0,19990.0,16575.0,17114.0,20023.0,16224.0,8967.0,17077.0,12319.0,16790.0,16434.0,15760.0,10634.0,12774.0,11772.0,12334.0,7500.0,22038.0,18324.0
51928,Syria,38.996815,34.802075,"Cereals, Total",Production,tonnes,3512791.0,5161232.0,5932429.0,6227315.0,5281248.0,5631256.0,6302288.0,5010856.0,2684688.0,4738674.0,3900866.0,4826031.0,4597304.0,4204517.0,2696840.0,3975474.0,3028655.0,2934172.0,1733868.0,6356573.0,5322612.0
52188,Tajikistan,71.276093,38.861034,"Cereals, Total",Yield,hg/ha,13107.0,13979.0,18893.0,21006.0,21504.0,21644.0,21587.0,24400.0,21410.0,31194.0,31172.0,25193.0,28911.0,31594.0,31894.0,32610.0,33487.0,34595.0,34044.0,36367.0,35005.0
52189,Tajikistan,71.276093,38.861034,"Cereals, Total",Production,tonnes,544994.0,477651.0,687559.0,866197.0,860340.0,902912.0,892884.0,906552.0,909500.0,1399868.0,1382559.0,1034798.0,1175450.0,1328800.0,1257989.0,1324045.0,1367078.0,1365515.0,1218840.0,1336388.0,1280841.0
52565,Thailand,100.992541,15.870032,"Cereals, Total",Yield,hg/ha,27190.0,29526.0,29983.0,29988.0,29610.0,30468.0,30095.0,30894.0,30635.0,29959.0,30713.0,32572.0,32566.0,32139.0,31411.0,29587.0,30588.0,31723.0,31520.0,30217.0,30157.0
52566,Thailand,100.992541,15.870032,"Cereals, Total",Production,tonnes,30529251.0,33822931.0,32806558.0,34289394.0,33405924.0,34964181.0,34133744.0,36686812.0,36598693.0,37363714.0,40933902.0,43447714.0,43438509.0,42040227.0,37855166.0,32890605.0,36677357.0,38175650.0,37867955.0,33610006.0,35507800.0
52780,Timor-Leste,125.727539,-8.874217,"Cereals, Total",Yield,hg/ha,19368.0,13387.0,16672.0,14434.0,15627.0,15419.0,15034.0,12761.0,14427.0,23155.0,24514.0,25861.0,20899.0,26564.0,29231.0,25957.0,25679.0,26598.0,26925.0,28372.0,28700.0
52781,Timor-Leste,125.727539,-8.874217,"Cereals, Total",Production,tonnes,139449.0,122845.0,147370.0,135608.0,117203.0,151106.0,174394.0,131946.0,180430.0,255490.0,261816.0,148080.0,182005.0,188121.0,191297.0,213902.0,156565.0,141105.0,145970.0,156000.0,144000.0
53014,Togo,0.824782,8.619543,"Cereals, Total",Yield,hg/ha,10583.0,11503.0,11311.0,11547.0,10948.0,11326.0,11307.0,11216.0,11444.0,12429.0,11874.0,12263.0,11124.0,10901.0,11531.0,12362.0,11308.0,11372.0,11452.0,11430.0,11723.0
53015,Togo,0.824782,8.619543,"Cereals, Total",Production,tonnes,740520.0,814714.0,801479.0,807299.0,799023.0,833289.0,885517.0,877647.0,935210.0,1061456.0,1045866.0,1057893.0,1268350.0,1306625.0,1310851.0,1249728.0,1263762.0,1301069.0,1339107.0,1372361.0,1357456.0
53459,Trinidad and Tobago,-61.222503,10.691803,"Cereals, Total",Yield,hg/ha,22775.0,14494.0,16693.0,15328.0,15733.0,15552.0,14784.0,16738.0,17245.0,16575.0,16675.0,16396.0,14717.0,16104.0,13293.0,11104.0,14445.0,16237.0,15349.0,11150.0,11468.0
53460,Trinidad and Tobago,-61.222503,10.691803,"Cereals, Total",Production,tonnes,7231.0,5073.0,7178.0,4675.0,4720.0,5132.0,4555.0,6163.0,6177.0,5226.0,5461.0,6124.0,5622.0,6292.0,6406.0,5440.0,5534.0,5665.0,4921.0,5575.0,5734.0
53839,Tunisia,9.537499,33.886917,"Cereals, Total",Yield,hg/ha,9845.0,17153.0,12337.0,15155.0,13096.0,14428.0,12561.0,16225.0,14673.0,18776.0,16941.0,17108.0,16743.0,11362.0,18058.0,11027.0,15412.0,13059.0,12255.0,19501.0,13271.0
53840,Tunisia,9.537499,33.886917,"Cereals, Total",Production,tonnes,1121989.0,1391500.0,550526.0,2318390.0,2164100.0,2135246.0,1647565.0,2024804.0,1223940.0,2567680.0,1113434.0,2343805.0,2305900.0,1328220.0,2350003.0,1339798.0,1324695.0,1637768.0,1444244.0,2426801.0,1564798.0
54328,Turkey,35.243322,38.963745,"Cereals, Total",Yield,hg/ha,23706.0,21783.0,22420.0,23086.0,24779.0,26344.0,26619.0,24102.0,26013.0,28080.0,27271.0,29700.0,29583.0,32569.0,28315.0,33078.0,31054.0,32574.0,31639.0,32008.0,33415.0
54329,Turkey,35.243322,38.963745,"Cereals, Total",Production,tonnes,32240094.0,29563560.0,30822650.0,30798600.0,34145410.0,36464200.0,34636645.0,29250013.0,29279920.0,33569627.0,32764875.0,35195055.0,33370865.0,37475610.0,32708005.0,38632438.0,35276615.0,36126157.0,34395628.0,34398698.0,37184688.0
54538,Turkmenistan,59.556278,38.969719,"Cereals, Total",Yield,hg/ha,21224.0,23190.0,29211.0,27695.0,29316.0,29267.0,32884.0,13000.0,11000.0,16000.0,17000.0,13660.0,12724.0,12003.0,12444.0,12086.0,14189.0,10851.0,12668.0,15701.0,15280.0
54539,Turkmenistan,59.556278,38.969719,"Cereals, Total",Production,tonnes,1751000.0,1832000.0,2461000.0,2667000.0,2785000.0,3035000.0,3489000.0,1121770.0,1032020.0,1447360.0,1535230.0,1203130.0,1394235.0,1584000.0,1410000.0,1617000.0,1800000.0,1193502.0,1189149.0,1690057.0,1533057.0
54829,Uganda,32.290275,1.373333,"Cereals, Total",Yield,hg/ha,15394.0,16411.0,16388.0,16776.0,14680.0,15738.0,15229.0,15260.0,18277.0,20386.0,19785.0,20569.0,20291.0,19975.0,20806.0,20868.0,21342.0,22517.0,22878.0,23607.0,22429.0
54830,Uganda,32.290275,1.373333,"Cereals, Total",Production,tonnes,2112000.0,2309000.0,2368000.0,2508000.0,2274000.0,2526000.0,2557029.0,2632381.0,3129052.0,3204738.0,3270391.0,3500763.0,3546438.0,3508500.0,3662246.0,3720394.0,3278888.0,3412916.0,4075377.0,4274000.0,3436305.0
55239,Ukraine,31.16558,48.379433,"Cereals, Total",Yield,hg/ha,19508.0,27295.0,27522.0,22784.0,28452.0,26230.0,24277.0,22067.0,34869.0,30038.0,27266.0,37537.0,31568.0,40308.0,44002.0,41409.0,46516.0,43158.0,48522.0,49805.0,42959.0
55240,Ukraine,31.16558,48.379433,"Cereals, Total",Production,tonnes,23814124.0,38886120.0,37984706.0,27493984.0,40996700.0,37258000.0,33518622.0,28945258.0,52747334.0,45413410.0,38685987.0,56263263.0,45750171.0,62687582.0,63388560.0,59627180.0,65217850.0,60686540.0,69110544.0,74442198.0,64342357.0
55449,United Arab Emirates,53.847818,23.424076,"Cereals, Total",Yield,hg/ha,174762.0,175144.0,181156.0,210000.0,204630.0,201589.0,209151.0,213793.0,222243.0,248248.0,180270.0,240314.0,121122.0,367619.0,142541.0,351905.0,334525.0,307774.0,208418.0,238318.0,260228.0
55450,United Arab Emirates,53.847818,23.424076,"Cereals, Total",Production,tonnes,4037.0,3643.0,3134.0,2373.0,2210.0,2157.0,2217.0,1860.0,2378.0,3401.0,5336.0,4590.0,3779.0,772.0,2580.0,3695.0,5988.0,17143.0,8170.0,26072.0,15978.0
55715,United Kingdom,-3.435973,55.378051,"Cereals, Total",Yield,hg/ha,71648.0,62911.0,70769.0,70328.0,70318.0,71965.0,72786.0,66323.0,74202.0,70296.0,69530.0,69847.0,62151.0,66316.0,76965.0,79809.0,70226.0,72290.0,67887.0,79460.0,62410.0
55716,United Kingdom,-3.435973,55.378051,"Cereals, Total",Production,tonnes,23988441.0,18958946.0,22965900.0,21494212.0,22009971.0,20994000.0,20840385.0,19123516.0,24282470.0,21619013.0,20946145.0,21484952.0,19515045.0,20083467.0,24468841.0,24734564.0,21964131.0,23000066.0,21084346.0,25517303.0,18961989.0
56057,Tanzania,34.888822,-6.369028,"Cereals, Total",Yield,hg/ha,14407.0,20435.0,18995.0,8581.0,13706.0,11016.0,13267.0,14273.0,13339.0,11104.0,16479.0,13904.0,13148.0,14180.0,15248.0,14494.0,15704.0,16920.0,19389.0,18838.0,18094.0
56058,Tanzania,34.888822,-6.369028,"Cereals, Total",Production,tonnes,3622945.0,4537267.0,6371184.0,4109738.0,6706622.0,5394302.0,5745560.0,6402080.0,7651930.0,5807305.0,8643198.0,7955143.0,8119819.0,8867188.0,9934542.0,9011918.0,9597278.0,10346519.0,10826645.0,10404922.0,12492601.0
56505,United States of America,-95.712891,37.09024,"Cereals, Total",Yield,hg/ha,58543.0,58911.0,55468.0,60237.0,68511.0,64507.0,64004.0,67044.0,65983.0,72262.0,69781.0,68035.0,59119.0,73009.0,76381.0,74301.0,86142.0,82812.0,81961.0,80056.0,81750.0
56506,United States of America,-95.712891,37.09024,"Cereals, Total",Production,tonnes,342631506.0,324994634.0,297143452.0,348247631.0,389023763.0,366436346.0,338336800.0,415130860.0,402399936.0,418666166.0,401126330.0,385545256.0,356210124.0,434308450.0,442849090.0,431870371.0,503466147.0,440272862.0,439711070.0,420873484.0,434875197.0
56794,Uruguay,-55.765835,-32.522779,"Cereals, Total",Yield,hg/ha,38920.0,33386.0,34674.0,35040.0,44097.0,43399.0,44935.0,43472.0,43246.0,38849.0,41764.0,44109.0,40705.0,37662.0,43518.0,41429.0,47667.0,50562.0,39404.0,53285.0,49627.0
56795,Uruguay,-55.765835,-32.522779,"Cereals, Total",Production,tonnes,1849419.0,1718459.0,1670388.0,1706174.0,2317142.0,2355245.0,2490990.0,2591959.0,2944943.0,3760121.0,3886956.0,3721490.0,4603046.0,3508600.0,4027196.0,3599919.0,3621182.0,3565191.0,2513346.0,3564871.0,3503020.0
57556,Uzbekistan,64.585262,41.377491,"Cereals, Total",Yield,hg/ha,26946.0,30589.0,37659.0,35224.0,36023.0,40439.0,41148.0,44174.0,43049.0,45862.0,44613.0,44299.0,46141.0,47641.0,48236.0,48517.0,48569.0,43323.0,41542.0,46108.0,45557.0
57557,Uzbekistan,64.585262,41.377491,"Cereals, Total",Production,tonnes,4107900.0,4262600.0,5775800.0,6321300.0,5999200.0,6534570.0,6637128.0,6753700.0,6698000.0,7378300.0,7473500.0,7063268.0,7431597.0,7704980.0,7890990.0,8014002.0,8079775.0,7032268.0,6189407.0,6995666.0,7121545.0
57686,Vanuatu,166.959158,-15.376706,"Cereals, Total",Yield,hg/ha,5153.0,5206.0,5262.0,5319.0,5324.0,5308.0,5357.0,5517.0,5467.0,5582.0,5637.0,5711.0,5714.0,6333.0,6155.0,6011.0,6018.0,6121.0,6161.0,6201.0,6241.0
57687,Vanuatu,166.959158,-15.376706,"Cereals, Total",Production,tonnes,726.0,734.0,742.0,743.0,756.0,767.0,750.0,800.0,820.0,820.0,823.0,831.0,800.0,950.0,890.0,874.0,887.0,909.0,918.0,927.0,938.0
57992,Venezuela,-66.58973,6.42375,"Cereals, Total",Yield,hg/ha,32479.0,33086.0,31848.0,32106.0,33858.0,33538.0,34157.0,35944.0,34284.0,31716.0,35760.0,34611.0,37602.0,40073.0,40407.0,35057.0,34582.0,31227.0,40383.0,32672.0,34738.0
57993,Venezuela,-66.58973,6.42375,"Cereals, Total",Production,tonnes,2948369.0,3116774.0,2568899.0,3116493.0,3663956.0,3583934.0,4044300.0,4008055.0,4107467.0,3711867.0,3664849.0,3429024.0,3311726.0,3693974.0,3597762.0,2294532.0,2085076.0,1915874.0,2521022.0,2122842.0,2016380.0
58256,Vietnam,108.277199,14.058324,"Cereals, Total",Yield,hg/ha,41124.0,41673.0,44409.0,45067.0,46909.0,47262.0,47498.0,48462.0,48976.0,50803.0,51775.0,53812.0,54620.0,54255.0,55778.0,56012.0,54410.0,54344.0,56854.0,57158.0,57966.0
58257,Vietnam,108.277199,14.058324,"Cereals, Total",Production,tonnes,34537106.0,34271811.0,36960263.0,37706900.0,39581000.0,39621600.0,39705591.0,40247514.0,43304799.0,43323523.0,44613831.0,47235598.0,48712658.0,49231389.0,50178378.0,50379410.0,48359870.0,47877218.0,48923674.0,48231532.0,47320537.0
58557,Yemen,48.516388,15.552727,"Cereals, Total",Yield,hg/ha,10850.0,10643.0,9438.0,7852.0,7152.0,7131.0,9302.0,10195.0,9391.0,9952.0,10924.0,10225.0,10644.0,10082.0,9627.0,7842.0,6870.0,6990.0,6828.0,8649.0,8339.0
58558,Yemen,48.516388,15.552727,"Cereals, Total",Production,tonnes,672237.0,700141.0,559760.0,417937.0,490277.0,562230.0,809204.0,1028875.0,713739.0,674488.0,1012945.0,816555.0,909741.0,863334.0,699962.0,459246.0,357068.0,358355.0,344648.0,456714.0,447496.0
59141,Zambia,27.849332,-13.133897,"Cereals, Total",Yield,hg/ha,16823.0,14037.0,14222.0,17051.0,18185.0,19054.0,18196.0,22586.0,21880.0,20722.0,25409.0,27451.0,27088.0,25527.0,27749.0,30264.0,24322.0,24899.0,21682.0,23977.0,24796.0
59142,Zambia,27.849332,-13.133897,"Cereals, Total",Production,tonnes,1208056.0,950274.0,754739.0,1365824.0,1380464.0,1066787.0,1603437.0,1536798.0,1394782.0,2197285.0,3096213.0,3376059.0,3210649.0,2901568.0,3652301.0,2900164.0,3110868.0,3895117.0,2602943.0,2223127.0,3685484.0
59511,Zimbabwe,29.154857,-19.015438,"Cereals, Total",Yield,hg/ha,11595.0,11939.0,5391.0,7953.0,12059.0,6538.0,9342.0,8067.0,3097.0,4524.0,7334.0,5874.0,6957.0,6685.0,8314.0,5575.0,4351.0,12027.0,12422.0,11737.0,10752.0
59512,Zimbabwe,29.154857,-19.015438,"Cereals, Total",Production,tonnes,1961931.0,1851459.0,855208.0,1357352.0,2873709.0,1610702.0,2487553.0,1856714.0,692820.0,874057.0,1388500.0,1172985.0,1284472.0,1152560.0,1230995.0,800286.0,676748.0,1748001.0,1777331.0,665633.0,1598038.0
