,Area,Item,Y2015,Y2016,Y2017,Y2018,Y2019,Y2020
198,Afghanistan,"Cereals, Total",2724070.0,2793694.0,2419097.0,1911658.0,2641911.0,3043589.0
199,Afghanistan,"Cereals, Total",21322.0,19804.0,20232.0,21626.0,21134.0,19799.0
200,Afghanistan,"Cereals, Total",5808288.0,5532695.0,4894365.0,4134191.0,5583461.0,6025977.0
532,Albania,"Cereals, Total",142600.0,148084.0,145799.0,140110.0,132203.0,131310.0
533,Albania,"Cereals, Total",48738.0,47164.0,48130.0,48405.0,50382.0,52092.0
534,Albania,"Cereals, Total",695000.0,698430.0,701734.0,678196.0,666065.0,684023.0
875,Algeria,"Cereals, Total",2686241.0,3376448.0,3512151.0,3107774.0,3187482.0,2889577.0
876,Algeria,"Cereals, Total",14002.0,10204.0,9903.0,19520.0,17674.0,15204.0
877,Algeria,"Cereals, Total",3761230.0,3445228.0,3478161.0,6066235.0,5633586.0,4393322.0
1096,Angola,"Cereals, Total",2055726.0,2730899.0,3096317.0,3063255.0,3064970.0,2678045.0
1097,Angola,"Cereals, Total",9824.0,8654.0,8062.0,9391.0,9528.0,9066.0
1098,Angola,"Cereals, Total",2019544.0,2363287.0,2496354.0,2876750.0,2920433.0,2427955.0
1288,Antigua and Barbuda,"Cereals, Total",47.0,35.0,28.0,24.0,20.0,3.0
1289,Antigua and Barbuda,"Cereals, Total",15957.0,18571.0,21071.0,22500.0,24000.0,36667.0
1290,Antigua and Barbuda,"Cereals, Total",75.0,65.0,59.0,54.0,48.0,11.0
1676,Argentina,"Cereals, Total",11713405.0,11751642.0,14136037.0,15112939.0,15303998.0,16608538.0
1677,Argentina,"Cereals, Total",47791.0,52034.0,54045.0,46710.0,55237.0,52126.0
1678,Argentina,"Cereals, Total",55980088.0,61148033.0,76397805.0,70592400.0,84534610.0,86573396.0
1939,Armenia,"Cereals, Total",190209.0,194717.0,150892.0,127436.0,115382.0,117720.0
1940,Armenia,"Cereals, Total",31321.0,30761.0,19751.0,26236.0,16906.0,20558.0
1941,Armenia,"Cereals, Total",595757.0,598966.0,298029.0,334342.0,195063.0,242012.0
2349,Australia,"Cereals, Total",18347386.0,16976709.0,18715950.0,16632912.0,16528043.0,16124592.0
2350,Australia,"Cereals, Total",20273.0,20752.0,26742.0,20358.0,17689.0,16505.0
2351,Australia,"Cereals, Total",37195915.0,35229824.0,50049336.0,33860457.0,29236374.0,26613793.0
2735,Austria,"Cereals, Total",783127.0,786831.0,778650.0,778940.0,776400.0,764890.0
2736,Austria,"Cereals, Total",61981.0,72464.0,62606.0,61458.0,69543.0,73864.0
2737,Austria,"Cereals, Total",4853896.0,5701698.0,4874849.0,4787200.0,5399310.0,5649770.0
3057,Azerbaijan,"Cereals, Total",940007.0,986997.0,960558.0,1057528.0,1058911.0,979424.0
3058,Azerbaijan,"Cereals, Total",30836.0,30047.0,29405.0,30087.0,32267.0,32174.0
3059,Azerbaijan,"Cereals, Total",2898559.0,2965670.0,2824527.0,3181819.0,3416765.0,3151182.0
3238,Bahamas,"Cereals, Total",72.0,85.0,83.0,80.0,83.0,82.0
3239,Bahamas,"Cereals, Total",82917.0,77529.0,78072.0,79250.0,77952.0,78415.0
3240,Bahamas,"Cereals, Total",597.0,659.0,648.0,634.0,647.0,643.0
3730,Bangladesh,"Cereals, Total",12156367.0,11793602.0,12430005.0,12275642.0,12301960.0,12233631.0
3731,Bangladesh,"Cereals, Total",45604.0,46010.0,47060.0,47910.0,48108.0,49013.0
3732,Bangladesh,"Cereals, Total",55438379.0,54262297.0,58495624.0,58812144.0,59182139.0,59960399.0
3928,Barbados,"Cereals, Total",45.0,35.0,26.0,39.0,15.0,4.0
3929,Barbados,"Cereals, Total",27111.0,27429.0,28462.0,27949.0,28000.0,30000.0
3930,Barbados,"Cereals, Total",122.0,96.0,74.0,109.0,42.0,12.0
4194,Belarus,"Cereals, Total",2218602.0,2206134.0,2241784.0,2134358.0,2258670.0,2374010.0
4195,Belarus,"Cereals, Total",36902.0,32073.0,33587.0,27239.0,30956.0,35399.0
4196,Belarus,"Cereals, Total",8186980.0,7075658.0,7529412.0,5813781.0,6991979.0,8403688.0
4554,Belgium,"Cereals, Total",321445.0,327535.0,305433.0,304520.0,313110.0,304340.0
4555,Belgium,"Cereals, Total",98422.0,69848.0,90507.0,79831.0,89885.0,84309.0
4556,Belgium,"Cereals, Total",3163733.0,2287774.0,2764392.0,2431020.0,2814390.0,2565860.0
4842,Belgium-Luxembourg,"Cereals, Total",,,,,,
4843,Belgium-Luxembourg,"Cereals, Total",,,,,,
4844,Belgium-Luxembourg,"Cereals, Total",,,,,,
5080,Belize,"Cereals, Total",27938.0,28932.0,27991.0,24567.0,28886.0,31763.0
5081,Belize,"Cereals, Total",28978.0,31646.0,42291.0,40437.0,29465.0,35263.0
5082,Belize,"Cereals, Total",80959.0,91557.0,118376.0,99341.0,85114.0,112007.0
5321,Benin,"Cereals, Total",1229297.0,1246201.0,1350154.0,1624578.0,1758746.0,1537675.0
5322,Benin,"Cereals, Total",13367.0,14559.0,14054.0,14285.0,12383.0,14328.0
5323,Benin,"Cereals, Total",1643227.0,1814289.0,1897504.0,2320756.0,2177783.0,2203105.0
5587,Bhutan,"Cereals, Total",50532.0,52229.0,56458.0,36802.0,33514.0,30015.0
5588,Bhutan,"Cereals, Total",34757.0,33734.0,34130.0,34170.0,30821.0,34415.0
5589,Bhutan,"Cereals, Total",175635.0,176187.0,192689.0,125751.0,103293.0,103298.0
5951,Bolivia,"Cereals, Total",1287146.0,1260291.0,1234818.0,1400134.0,1434439.0,1439926.0
5952,Bolivia,"Cereals, Total",22802.0,21113.0,18456.0,23337.0,20301.0,20240.0
5953,Bolivia,"Cereals, Total",2934919.0,2660808.0,2278993.0,3267427.0,2912082.0,2914459.0
6279,Bosnia and Herz.,"Cereals, Total",298319.0,319268.0,312698.0,317749.0,311152.0,321317.0
6280,Bosnia and Herz.,"Cereals, Total",38121.0,51917.0,37321.0,54879.0,53547.0,60507.0
6281,Bosnia and Herz.,"Cereals, Total",1137236.0,1657556.0,1167005.0,1743762.0,1666131.0,1944178.0
6469,Botswana,"Cereals, Total",46855.0,99749.0,73423.0,147317.0,71904.0,156886.0
6470,Botswana,"Cereals, Total",9384.0,4716.0,3184.0,5497.0,6752.0,10336.0
6471,Botswana,"Cereals, Total",43967.0,47045.0,23376.0,80978.0,48548.0,162158.0
6846,Brazil,"Cereals, Total",21202900.0,20127615.0,22645479.0,21482693.0,22775853.0,23891692.0
6847,Brazil,"Cereals, Total",50006.0,41817.0,52097.0,48067.0,53216.0,52557.0
6848,Brazil,"Cereals, Total",106026685.0,84166682.0,117977014.0,103260129.0,121202845.0,125568280.0
7045,Brunei,"Cereals, Total",924.0,1013.0,920.0,783.0,773.0,853.0
7046,Brunei,"Cereals, Total",21461.0,15587.0,16598.0,20038.0,19405.0,29437.0
7047,Brunei,"Cereals, Total",1983.0,1579.0,1527.0,1569.0,1500.0,2511.0
7524,Bulgaria,"Cereals, Total",1835350.0,1816636.0,1729267.0,1817770.0,1927560.0,1966050.0
7525,Bulgaria,"Cereals, Total",46696.0,48178.0,54797.0,55617.0,57747.0,43734.0
7526,Bulgaria,"Cereals, Total",8570299.0,8752219.0,9475846.0,10109850.0,11130990.0,8598290.0
7771,Burkina Faso,"Cereals, Total",3584230.0,4017586.0,4026919.0,4495791.0,4272785.0,4377000.0
7772,Burkina Faso,"Cereals, Total",11689.0,11368.0,10090.0,11523.0,11561.0,11704.0
7773,Burkina Faso,"Cereals, Total",4189665.0,4567066.0,4063197.0,5180702.0,4939630.0,5122798.0
7990,Burundi,"Cereals, Total",215634.0,315399.0,333248.0,347245.0,378026.0,354619.0
7991,Burundi,"Cereals, Total",12042.0,14830.0,11255.0,13233.0,14465.0,13143.0
7992,Burundi,"Cereals, Total",259662.0,467751.0,375075.0,459525.0,546812.0,466067.0
8173,Cabo Verde,"Cereals, Total",31386.0,31698.0,31699.0,31698.0,27581.0,27581.0
8174,Cabo Verde,"Cereals, Total",2765.0,1780.0,1.0,227.0,232.0,157.0
8175,Cabo Verde,"Cereals, Total",8677.0,5642.0,4.0,719.0,640.0,432.0
8370,Cambodia,"Cereals, Total",2881799.0,3023451.0,3118124.0,3274674.0,3133531.0,3092508.0
8371,Cambodia,"Cereals, Total",33781.0,35109.0,36137.0,37024.0,37597.0,38512.0
8372,Cambodia,"Cereals, Total",9735000.0,10615000.0,11268000.0,12124000.0,11781000.0,11910000.0
8696,Cameroon,"Cereals, Total",2256907.0,2311007.0,2169169.0,2236889.0,2249083.0,2247191.0
8697,Cameroon,"Cereals, Total",16153.0,16533.0,16706.0,16529.0,16534.0,16613.0
8698,Cameroon,"Cereals, Total",3645513.0,3820815.0,3623844.0,3697407.0,3718722.0,3733173.0
9017,Canada,"Cereals, Total",14582900.0,13895831.0,13830500.0,15001900.0,15327000.0,15937000.0
9018,Canada,"Cereals, Total",36730.0,42391.0,41048.0,39146.0,40108.0,40794.0
9019,Canada,"Cereals, Total",53563000.0,58905768.0,56770935.0,58726900.0,61473900.0,65013700.0
9235,Central African Rep.,"Cereals, Total",148750.0,162472.0,158382.0,160888.0,162551.0,166734.0
9236,Central African Rep.,"Cereals, Total",8841.0,8798.0,8966.0,8826.0,8626.0,8162.0
9237,Central African Rep.,"Cereals, Total",131506.0,142936.0,142000.0,142000.0,140211.0,136095.0
9446,Chad,"Cereals, Total",3058448.0,3401981.0,3292418.0,3384176.0,3300719.0,3324147.0
9447,Chad,"Cereals, Total",8019.0,8447.0,8252.0,8930.0,8863.0,8671.0
9448,Chad,"Cereals, Total",2452528.0,2873660.0,2716901.0,3021972.0,2925292.0,2882262.0
9804,Chile,"Cereals, Total",534984.0,564637.0,511937.0,512164.0,460176.0,441722.0
9805,Chile,"Cereals, Total",70823.0,68582.0,67808.0,71464.0,71593.0,62478.0
9806,Chile,"Cereals, Total",3788922.0,3872403.0,3471368.0,3660144.0,3294526.0,2759792.0
10565,China; Hong Kong SAR,"Cereals, Total",0.0,0.0,0.0,0.0,0.0,0.0
10566,China; Hong Kong SAR,"Cereals, Total",,,,,,
10567,China; Hong Kong SAR,"Cereals, Total",0.0,0.0,0.0,0.0,0.0,0.0
11204,China,"Cereals, Total",103281871.0,102133380.0,100491670.0,99389258.0,97777574.0,97770533.0
11205,China,"Cereals, Total",59852.0,60186.0,61107.0,61266.0,62672.0,62955.0
11206,China,"Cereals, Total",618165315.0,614697470.0,614076812.0,608917809.0,612794486.0,615518145.0
11584,Taiwan,"Cereals, Total",285095.0,309058.0,309921.0,304831.0,304663.0,298280.0
11585,Taiwan,"Cereals, Total",61669.0,56904.0,62844.0,70002.0,64923.0,65872.0
11586,Taiwan,"Cereals, Total",1758161.0,1758649.0,1947667.0,2133874.0,1977974.0,1964833.0
11970,Colombia,"Cereals, Total",929600.0,1010007.0,987188.0,932013.0,914103.0,968952.0
11971,Colombia,"Cereals, Total",43017.0,43532.0,47080.0,46663.0,48507.0,50829.0
11972,Colombia,"Cereals, Total",3998890.0,4396731.0,4647650.0,4349018.0,4434081.0,4925126.0
12133,Comoros,"Cereals, Total",27005.0,26367.0,26656.0,26676.0,26566.0,26632.0
12134,Comoros,"Cereals, Total",13516.0,14146.0,13755.0,13803.0,13901.0,13820.0
12135,Comoros,"Cereals, Total",36500.0,37300.0,36666.0,36822.0,36929.0,36806.0
12365,Congo,"Cereals, Total",33139.0,34173.0,34679.0,34462.0,35221.0,34315.0
12366,Congo,"Cereals, Total",8335.0,8456.0,8593.0,8691.0,8879.0,8844.0
12367,Congo,"Cereals, Total",27621.0,28897.0,29798.0,29950.0,31272.0,30347.0
12802,Costa Rica,"Cereals, Total",53193.0,53124.0,42769.0,46958.0,42030.0,45183.0
12803,Costa Rica,"Cereals, Total",38316.0,40261.0,37310.0,42102.0,40524.0,33571.0
12804,Costa Rica,"Cereals, Total",203816.0,213880.0,159571.0,197701.0,170322.0,151685.0
13097,Côte d'Ivoire,"Cereals, Total",1503735.0,1423194.0,1445637.0,1420832.0,1386409.0,1274234.0
13098,Côte d'Ivoire,"Cereals, Total",22003.0,22198.0,22761.0,22621.0,22643.0,22109.0
13099,Côte d'Ivoire,"Cereals, Total",3308600.0,3159200.0,3290400.0,3214062.0,3139196.0,2817182.0
13488,Croatia,"Cereals, Total",492151.0,536172.0,466212.0,459710.0,490870.0,535770.0
13489,Croatia,"Cereals, Total",56950.0,66655.0,57048.0,70556.0,71573.0,69924.0
13490,Croatia,"Cereals, Total",2802791.0,3573872.0,2659648.0,3243520.0,3513320.0,3746320.0
13759,Cuba,"Cereals, Total",267044.0,316736.0,275444.0,282416.0,248176.0,204382.0
13760,Cuba,"Cereals, Total",29646.0,29393.0,28543.0,28765.0,28331.0,25723.0
13761,Cuba,"Cereals, Total",791666.0,930968.0,786203.0,812374.0,703097.0,525731.0
14148,Cyprus,"Cereals, Total",32846.0,23289.0,19879.0,24020.0,23070.0,31970.0
14149,Cyprus,"Cereals, Total",26830.0,4363.0,18027.0,10529.0,26563.0,23685.0
14150,Cyprus,"Cereals, Total",88127.0,10161.0,35836.0,25290.0,61280.0,75720.0
14544,Czechia,"Cereals, Total",1392344.0,1361499.0,1357136.0,1338780.0,1352540.0,1344870.0
14545,Czechia,"Cereals, Total",58806.0,63170.0,54975.0,52069.0,56532.0,60427.0
14546,Czechia,"Cereals, Total",8187774.0,8600551.0,7460864.0,6970920.0,7646150.0,8126660.0
14889,Czechoslovakia,"Cereals, Total",,,,,,
14890,Czechoslovakia,"Cereals, Total",,,,,,
14891,Czechoslovakia,"Cereals, Total",,,,,,
15112,North Korea,"Cereals, Total",1226456.0,1219567.0,1206589.0,1206493.0,1300579.0,1341256.0
15113,North Korea,"Cereals, Total",36540.0,40797.0,40151.0,35105.0,43856.0,34762.0
15114,North Korea,"Cereals, Total",4481458.0,4975484.0,4844635.0,4235335.0,5703884.0,4662527.0
15384,Dem. Rep. Congo,"Cereals, Total",4058928.0,4192617.0,4388331.0,4434505.0,4440653.0,4140319.0
15385,Dem. Rep. Congo,"Cereals, Total",7689.0,7793.0,7886.0,7973.0,8060.0,8577.0
15386,Dem. Rep. Congo,"Cereals, Total",3120940.0,3267141.0,3460783.0,3535639.0,3579216.0,3551147.0
15713,Denmark,"Cereals, Total",1459400.0,1471275.0,1449769.0,1416280.0,1373650.0,1366920.0
15714,Denmark,"Cereals, Total",68847.0,62220.0,69165.0,48888.0,69289.0,69263.0
15715,Denmark,"Cereals, Total",10047500.0,9154326.0,10027261.0,6923900.0,9517830.0,9467690.0
15843,Djibouti,"Cereals, Total",9.0,8.0,9.0,9.0,9.0,9.0
15844,Djibouti,"Cereals, Total",20000.0,21250.0,18889.0,18889.0,18889.0,18889.0
15845,Djibouti,"Cereals, Total",18.0,17.0,17.0,17.0,17.0,17.0
16031,Dominica,"Cereals, Total",118.0,118.0,119.0,118.0,117.0,117.0
16032,Dominica,"Cereals, Total",16017.0,15932.0,16134.0,16271.0,16496.0,16496.0
16033,Dominica,"Cereals, Total",189.0,188.0,192.0,192.0,193.0,193.0
16322,Dominican Rep.,"Cereals, Total",184342.0,190251.0,200873.0,219425.0,208491.0,218128.0
16323,Dominican Rep.,"Cereals, Total",51098.0,47281.0,47304.0,46071.0,46525.0,45565.0
16324,Dominican Rep.,"Cereals, Total",941950.0,899525.0,950213.0,1010916.0,970003.0,993899.0
16712,Ecuador,"Cereals, Total",824687.0,705777.0,743087.0,687967.0,604554.0,686896.0
16713,Ecuador,"Cereals, Total",43229.0,37918.0,34154.0,39394.0,43289.0,39157.0
16714,Ecuador,"Cereals, Total",3565065.0,2676163.0,2537922.0,2710163.0,2617067.0,2689665.0
17121,Egypt,"Cereals, Total",3251394.0,3224925.0,3096162.0,2590900.0,3624813.0,3607092.0
17122,Egypt,"Cereals, Total",71173.0,72515.0,74030.0,67786.0,60455.0,61879.0
17123,Egypt,"Cereals, Total",23141275.0,23385497.0,22920861.0,17562759.0,21913681.0,22320185.0
17385,El Salvador,"Cereals, Total",373447.0,390803.0,354028.0,343550.0,331804.0,368680.0
17386,El Salvador,"Cereals, Total",22881.0,27455.0,29097.0,23797.0,27770.0,27639.0
17387,El Salvador,"Cereals, Total",854471.0,1072962.0,1030124.0,817563.0,921410.0,1019000.0
17678,Eritrea,"Cereals, Total",477880.0,474686.0,475977.0,476181.0,475615.0,475924.0
17679,Eritrea,"Cereals, Total",6424.0,6397.0,6406.0,6409.0,6404.0,6407.0
17680,Eritrea,"Cereals, Total",306990.0,303673.0,304923.0,305195.0,304597.0,304905.0
18021,Estonia,"Cereals, Total",350400.0,351354.0,330677.0,350430.0,364370.0,370120.0
18022,Estonia,"Cereals, Total",43816.0,26584.0,39673.0,26249.0,44586.0,44115.0
18023,Estonia,"Cereals, Total",1535300.0,934051.0,1311893.0,919830.0,1624580.0,1632790.0
18220,Eswatini,"Cereals, Total",67150.0,29045.0,69449.0,91380.0,76955.0,70337.0
18221,Eswatini,"Cereals, Total",12597.0,12249.0,12474.0,12665.0,12697.0,12755.0
18222,Eswatini,"Cereals, Total",84590.0,35578.0,86632.0,115729.0,97707.0,89715.0
18585,Ethiopia,"Cereals, Total",11018260.0,11303228.0,11327016.0,10390466.0,10478217.0,10571534.0
18586,Ethiopia,"Cereals, Total",23449.0,23522.0,25394.0,27298.0,28318.0,28613.0
18587,Ethiopia,"Cereals, Total",25837228.0,26587342.0,28763752.0,28364295.0,29672647.0,30248751.0
18893,Ethiopia PDR,"Cereals, Total",,,,,,
18894,Ethiopia PDR,"Cereals, Total",,,,,,
18895,Ethiopia PDR,"Cereals, Total",,,,,,
19167,Fiji,"Cereals, Total",2476.0,3179.0,3354.0,2759.0,2390.0,2884.0
19168,Fiji,"Cereals, Total",30000.0,30013.0,30015.0,30022.0,30008.0,34452.0
19169,Fiji,"Cereals, Total",7428.0,9541.0,10067.0,8283.0,7172.0,9936.0
19490,Finland,"Cereals, Total",1019800.0,998100.0,864500.0,906800.0,948000.0,951600.0
19491,Finland,"Cereals, Total",36139.0,35733.0,39579.0,30527.0,42575.0,35893.0
19492,Finland,"Cereals, Total",3685494.0,3566470.0,3421643.0,2768190.0,4036110.0,3415550.0
19948,France,"Cereals, Total",9626902.0,9597185.0,9406524.0,9055320.0,9394040.0,8904740.0
19949,France,"Cereals, Total",75700.0,56682.0,73067.0,68291.0,74919.0,63842.0
19950,France,"Cereals, Total",72875853.0,54398704.0,68730245.0,61839480.0,70378890.0,56849840.0
20140,French Guyana,"Cereals, Total",,,,,,
20141,French Guyana,"Cereals, Total",,,,,,
20142,French Guyana,"Cereals, Total",,,,,,
20501,Gabon,"Cereals, Total",28531.0,28927.0,28534.0,28660.0,28706.0,28634.0
20502,Gabon,"Cereals, Total",15918.0,15902.0,16420.0,16081.0,16134.0,16211.0
20503,Gabon,"Cereals, Total",45415.0,46000.0,46854.0,46089.0,46314.0,46419.0
20658,Gambia,"Cereals, Total",262856.0,229588.0,199586.0,164766.0,233301.0,233311.0
20659,Gambia,"Cereals, Total",7860.0,7808.0,6661.0,6820.0,4491.0,7448.0
20660,Gambia,"Cereals, Total",206609.0,179272.0,132939.0,112365.0,104778.0,173776.0
20948,Georgia,"Cereals, Total",185472.0,171486.0,149339.0,146535.0,146355.0,155744.0
20949,Georgia,"Cereals, Total",19594.0,25145.0,19771.0,25313.0,25379.0,26475.0
20950,Georgia,"Cereals, Total",363416.0,431207.0,295251.0,370928.0,371431.0,412339.0
21346,Germany,"Cereals, Total",6517500.0,6316300.0,6266500.0,6141600.0,6372600.0,6065200.0
21347,Germany,"Cereals, Total",74978.0,71821.0,72699.0,61789.0,69520.0,71333.0
21348,Germany,"Cereals, Total",48866800.0,45364400.0,45556800.0,37948100.0,44302400.0,43265100.0
21614,Ghana,"Cereals, Total",1504191.0,1518802.0,1635049.0,1905275.0,2304547.0,2374012.0
21615,Ghana,"Cereals, Total",18303.0,18424.0,19123.0,18756.0,18919.0,19250.0
21616,Ghana,"Cereals, Total",2753194.0,2798251.0,3126784.0,3573625.0,4360040.0,4570041.0
22085,Greece,"Cereals, Total",1019536.0,938176.0,853072.0,787980.0,728140.0,739890.0
22086,Greece,"Cereals, Total",42149.0,42235.0,43172.0,37996.0,40435.0,41971.0
22087,Greece,"Cereals, Total",4297232.0,3962383.0,3682861.0,2993980.0,2944220.0,3105370.0
22311,Grenada,"Cereals, Total",353.0,389.0,385.0,376.0,383.0,381.0
22312,Grenada,"Cereals, Total",10028.0,9974.0,9974.0,10000.0,10000.0,10000.0
22313,Grenada,"Cereals, Total",354.0,388.0,384.0,376.0,383.0,381.0
22551,Guadeloupe,"Cereals, Total",,,,,,
22552,Guadeloupe,"Cereals, Total",,,,,,
22553,Guadeloupe,"Cereals, Total",,,,,,
22869,Guatemala,"Cereals, Total",916400.0,922970.0,946308.0,959078.0,903074.0,903400.0
22870,Guatemala,"Cereals, Total",21157.0,21523.0,21533.0,21533.0,21674.0,21971.0
22871,Guatemala,"Cereals, Total",1938866.0,1986485.0,2037704.0,2065221.0,1957346.0,1984853.0
23097,Guinea,"Cereals, Total",3147605.0,3157882.0,3239920.0,3295749.0,3378777.0,3509266.0
23098,Guinea,"Cereals, Total",11224.0,11555.0,11650.0,11867.0,12686.0,13299.0
23099,Guinea,"Cereals, Total",3532856.0,3648811.0,3774616.0,3911040.0,4286357.0,4666854.0
23296,Guinea-Bissau,"Cereals, Total",149731.0,160674.0,152521.0,161280.0,168153.0,168129.0
23297,Guinea-Bissau,"Cereals, Total",13925.0,14043.0,13850.0,13926.0,14191.0,15026.0
23298,Guinea-Bissau,"Cereals, Total",208495.0,225627.0,211238.0,224596.0,238628.0,252629.0
23546,Guyana,"Cereals, Total",193922.0,153172.0,175184.0,170089.0,180744.0,188640.0
23547,Guyana,"Cereals, Total",35673.0,35153.0,36196.0,56939.0,37977.0,36659.0
23548,Guyana,"Cereals, Total",691784.0,538450.0,634104.0,968472.0,686418.0,691539.0
23816,Haiti,"Cereals, Total",538443.0,475224.0,450962.0,493222.0,243781.0,290951.0
23817,Haiti,"Cereals, Total",9344.0,10218.0,10733.0,8422.0,15993.0,12717.0
23818,Haiti,"Cereals, Total",503125.0,485572.0,484000.0,415370.0,389868.0,370000.0
24101,Honduras,"Cereals, Total",400277.0,371171.0,410961.0,427458.0,357371.0,398750.0
24102,Honduras,"Cereals, Total",18213.0,18909.0,18630.0,18510.0,18686.0,18901.0
24103,Honduras,"Cereals, Total",729021.0,701830.0,765611.0,791207.0,667782.0,753676.0
24557,Hungary,"Cereals, Total",2697704.0,2565875.0,2402083.0,2367960.0,2458460.0,2337650.0
24558,Hungary,"Cereals, Total",52434.0,64866.0,58355.0,62862.0,63658.0,66591.0
24559,Hungary,"Cereals, Total",14145172.0,16643885.0,14017280.0,14885530.0,15650010.0,15566640.0
24711,Iceland,"Cereals, Total",1455.0,2300.0,2100.0,1500.0,2200.0,1500.0
24712,Iceland,"Cereals, Total",31869.0,32126.0,35238.0,26000.0,35909.0,48580.0
24713,Iceland,"Cereals, Total",4637.0,7389.0,7400.0,3900.0,7900.0,7287.0
25116,India,"Cereals, Total",99533000.0,99020000.0,99566890.0,98093520.0,95244530.0,102057166.0
25117,India,"Cereals, Total",28567.0,30080.0,31213.0,32781.0,34049.0,32828.0
25118,India,"Cereals, Total",284333000.0,297850000.0,310782330.0,321556400.0,324300640.0,335035000.0
25463,Indonesia,"Cereals, Total",15176367.0,15044369.0,16433169.0,17058294.0,14828877.0,14612615.0
25464,Indonesia,"Cereals, Total",53138.0,51587.0,51223.0,52440.0,52054.0,52796.0
25465,Indonesia,"Cereals, Total",80643435.0,77609413.0,84176015.0,89454472.0,77190033.0,77149202.0
25908,Iran,"Cereals, Total",8182762.0,8449886.0,8800529.0,9081115.0,10847426.0,10282626.0
25909,Iran,"Cereals, Total",22310.0,26533.0,20583.0,20538.0,20793.0,21408.0
25910,Iran,"Cereals, Total",18255385.0,22419771.0,18113760.0,18650827.0,22555476.0,22012721.0
26243,Iraq,"Cereals, Total",1288713.0,1303200.0,1359359.0,977376.0,2673023.0,3484905.0
26244,Iraq,"Cereals, Total",26935.0,30753.0,27478.0,26758.0,25864.0,25496.0
26245,Iraq,"Cereals, Total",3471116.0,4007685.0,3735255.0,2615277.0,6913550.0,8885242.0
26566,Ireland,"Cereals, Total",292594.0,281290.0,272627.0,260970.0,266660.0,265640.0
26567,Ireland,"Cereals, Total",90082.0,82228.0,87836.0,68395.0,85052.0,71248.0
26568,Ireland,"Cereals, Total",2635749.0,2312985.0,2394646.0,1784900.0,2267990.0,1892640.0
26952,Israel,"Cereals, Total",64622.0,54248.0,54381.0,61231.0,50813.0,64388.0
26953,Israel,"Cereals, Total",49789.0,48349.0,31959.0,24611.0,36234.0,38168.0
26954,Israel,"Cereals, Total",321746.0,262284.0,173798.0,150693.0,184118.0,245755.0
27435,Italy,"Cereals, Total",3275506.0,3253985.0,3140579.0,3092700.0,3066520.0,3011730.0
27436,Italy,"Cereals, Total",54022.0,55990.0,51748.0,53508.0,53362.0,56265.0
27437,Italy,"Cereals, Total",17694875.0,18219221.0,16251718.0,16548350.0,16363450.0,16945440.0
27718,Jamaica,"Cereals, Total",2069.0,2159.0,2185.0,1896.0,1829.0,1811.0
27719,Jamaica,"Cereals, Total",11431.0,10903.0,11625.0,11482.0,11258.0,11143.0
27720,Jamaica,"Cereals, Total",2365.0,2354.0,2540.0,2177.0,2059.0,2018.0
28119,Japan,"Cereals, Total",1922104.0,1906923.0,1894126.0,1807317.0,1809023.0,1805322.0
28120,Japan,"Cereals, Total",63167.0,62534.0,62845.0,64047.0,65395.0,60503.0
28121,Japan,"Cereals, Total",12141378.0,11924735.0,11903638.0,11575317.0,11830030.0,10922778.0
28455,Jordan,"Cereals, Total",62765.0,55078.0,48686.0,55623.0,69570.0,55667.0
28456,Jordan,"Cereals, Total",15187.0,18005.0,20394.0,15243.0,16418.0,17102.0
28457,Jordan,"Cereals, Total",95323.0,99170.0,99289.0,84784.0,114217.0,95201.0
28806,Kazakhstan,"Cereals, Total",14542276.0,15144296.0,14854953.0,14724656.0,15159017.0,15663732.0
28807,Kazakhstan,"Cereals, Total",12781.0,13477.0,13550.0,13592.0,11542.0,12883.0
28808,Kazakhstan,"Cereals, Total",18585932.0,20410625.0,20129018.0,20014092.0,17497097.0,20179388.0
29218,Kenya,"Cereals, Total",2551453.0,2814068.0,2602671.0,2811945.0,2874270.0,2702555.0
29219,Kenya,"Cereals, Total",17727.0,13831.0,14259.0,17091.0,16078.0,18062.0
29220,Kenya,"Cereals, Total",4523083.0,3892022.0,3711085.0,4805973.0,4621302.0,4881292.0
29491,Kuwait,"Cereals, Total",1423.0,1007.0,1079.0,1070.0,1781.0,2005.0
29492,Kuwait,"Cereals, Total",65439.0,52205.0,56562.0,104832.0,176204.0,103182.0
29493,Kuwait,"Cereals, Total",9312.0,5257.0,6103.0,11217.0,31382.0,20688.0
29851,Kyrgyzstan,"Cereals, Total",584652.0,568150.0,556326.0,563996.0,563869.0,583204.0
29852,Kyrgyzstan,"Cereals, Total",29990.0,31042.0,30934.0,31622.0,32339.0,32604.0
29853,Kyrgyzstan,"Cereals, Total",1753400.0,1763628.0,1720954.0,1783480.0,1823520.0,1901476.0
30080,Laos,"Cereals, Total",1219177.0,1232237.0,1163324.0,1013794.0,958979.0,1021188.0
30081,Laos,"Cereals, Total",46082.0,46267.0,44977.0,45042.0,45133.0,47370.0
30082,Laos,"Cereals, Total",5618250.0,5701160.0,5232304.0,4566380.0,4328125.0,4837336.0
30427,Latvia,"Cereals, Total",669500.0,706100.0,633500.0,679800.0,733900.0,750000.0
30428,Latvia,"Cereals, Total",45131.0,38284.0,42502.0,30263.0,43101.0,46628.0
30429,Latvia,"Cereals, Total",3021500.0,2703200.0,2692500.0,2057300.0,3163200.0,3497100.0
30756,Lebanon,"Cereals, Total",55104.0,57418.0,57565.0,55156.0,56290.0,56278.0
30757,Lebanon,"Cereals, Total",32687.0,31555.0,28985.0,29665.0,31176.0,31001.0
30758,Lebanon,"Cereals, Total",180116.0,181184.0,166851.0,163620.0,175491.0,174469.0
30897,Lesotho,"Cereals, Total",126100.0,55393.0,219077.0,221395.0,50732.0,111990.0
30898,Lesotho,"Cereals, Total",6583.0,4669.0,9868.0,7138.0,6954.0,8824.0
30899,Lesotho,"Cereals, Total",83010.0,25862.0,216192.0,158029.0,35279.0,98821.0
31070,Liberia,"Cereals, Total",262154.0,312314.0,233590.0,238090.0,245000.0,240000.0
31071,Liberia,"Cereals, Total",11291.0,10732.0,10595.0,10836.0,10980.0,11250.0
31072,Liberia,"Cereals, Total",296000.0,335180.0,247495.0,257995.0,269000.0,270000.0
31329,Libya,"Cereals, Total",382690.0,446754.0,307553.0,402352.0,324549.0,311425.0
31330,Libya,"Cereals, Total",6653.0,6699.0,6809.0,6945.0,6760.0,6724.0
31331,Libya,"Cereals, Total",254600.0,299288.0,209417.0,279435.0,219380.0,209411.0
31712,Lithuania,"Cereals, Total",1329091.0,1326697.0,1199510.0,1257230.0,1349570.0,1382440.0
31713,Lithuania,"Cereals, Total",45646.0,38598.0,42302.0,31812.0,38589.0,47342.0
31714,Lithuania,"Cereals, Total",6066749.0,5120821.0,5074188.0,3999510.0,5207890.0,6544720.0
32031,Luxembourg,"Cereals, Total",29287.0,27854.0,27959.0,26300.0,27390.0,25490.0
32032,Luxembourg,"Cereals, Total",60271.0,49997.0,53396.0,59935.0,59726.0,57368.0
32033,Luxembourg,"Cereals, Total",176516.0,139262.0,149291.0,157630.0,163590.0,146230.0
32392,Madagascar,"Cereals, Total",1037611.0,1048832.0,896753.0,1607813.0,1730718.0,1805194.0
32393,Madagascar,"Cereals, Total",39109.0,39458.0,43360.0,26442.0,25751.0,24702.0
32394,Madagascar,"Cereals, Total",4057987.0,4138500.0,3888312.0,4251342.0,4456721.0,4459253.0
32707,Malawi,"Cereals, Total",1887160.0,1878999.0,1950168.0,1910382.0,1976054.0,2009653.0
32708,Malawi,"Cereals, Total",15906.0,13474.0,19031.0,15312.0,18740.0,20044.0
32709,Malawi,"Cereals, Total",3001731.0,2531749.0,3711454.0,2925168.0,3703148.0,4028212.0
32995,Malaysia,"Cereals, Total",691589.0,698812.0,696025.0,709528.0,679392.0,654772.0
32996,Malaysia,"Cereals, Total",40542.0,40132.0,37974.0,38168.0,35522.0,36499.0
32997,Malaysia,"Cereals, Total",2803864.0,2804473.0,2643074.0,2708109.0,2413368.0,2389843.0
33099,Maldives,"Cereals, Total",87.0,82.0,83.0,85.0,84.0,85.0
33100,Maldives,"Cereals, Total",22644.0,24512.0,24096.0,23765.0,23929.0,23529.0
33101,Maldives,"Cereals, Total",197.0,201.0,200.0,202.0,201.0,200.0
33402,Mali,"Cereals, Total",5112560.0,5505277.0,5803289.0,5876545.0,5912565.0,6140166.0
33403,Mali,"Cereals, Total",15755.0,16075.0,16019.0,17289.0,17677.0,16860.0
33404,Mali,"Cereals, Total",8055052.0,8849710.0,9296135.0,10159698.0,10451432.0,10352054.0
33733,Malta,"Cereals, Total",2525.0,2647.0,2989.0,0.0,0.0,0.0
33734,Malta,"Cereals, Total",48238.0,48202.0,48802.0,,,
33735,Malta,"Cereals, Total",12180.0,12759.0,14587.0,0.0,0.0,0.0
34123,Mauritania,"Cereals, Total",249499.0,267300.0,201357.0,288139.0,263249.0,312857.0
34124,Mauritania,"Cereals, Total",12659.0,11545.0,18490.0,15080.0,18227.0,15538.0
34125,Mauritania,"Cereals, Total",315852.0,308605.0,372303.0,434503.0,479831.0,486125.0
34356,Mauritius,"Cereals, Total",411.0,222.0,115.0,77.0,75.0,85.0
34357,Mauritius,"Cereals, Total",26959.0,34550.0,52348.0,52727.0,68800.0,90471.0
34358,Mauritius,"Cereals, Total",1108.0,767.0,602.0,406.0,516.0,769.0
34854,Mexico,"Cereals, Total",10000893.0,10260492.0,9865991.0,9426335.0,9058295.0,9556004.0
34855,Mexico,"Cereals, Total",34701.0,37488.0,37997.0,38263.0,39924.0,38065.0
34856,Mexico,"Cereals, Total",34704514.0,38464937.0,37487836.0,36068400.0,36164102.0,36375198.0
34988,Micronesia (Federated States of),"Cereals, Total",163.0,164.0,166.0,164.0,164.0,164.0
34989,Micronesia (Federated States of),"Cereals, Total",16810.0,16951.0,16747.0,16890.0,16951.0,16951.0
34990,Micronesia (Federated States of),"Cereals, Total",274.0,278.0,278.0,277.0,278.0,278.0
35165,Mongolia,"Cereals, Total",381209.0,377802.0,282228.0,328978.0,340679.0,353118.0
35166,Mongolia,"Cereals, Total",5747.0,12796.0,8437.0,13796.0,12719.0,12186.0
35167,Mongolia,"Cereals, Total",219068.0,483453.0,238102.0,453850.0,433306.0,430318.0
35380,Montenegro,"Cereals, Total",2116.0,2152.0,2195.0,2204.0,2180.0,2125.0
35381,Montenegro,"Cereals, Total",31465.0,32621.0,32875.0,33122.0,32064.0,33384.0
35382,Montenegro,"Cereals, Total",6658.0,7020.0,7216.0,7300.0,6990.0,7094.0
35827,Morocco,"Cereals, Total",5459897.0,3804119.0,5568240.0,4589314.0,3654710.0,4446722.0
35828,Morocco,"Cereals, Total",21407.0,9360.0,17576.0,22636.0,14541.0,7429.0
35829,Morocco,"Cereals, Total",11687923.0,3560829.0,9786680.0,10388498.0,5314207.0,3303527.0
36086,Mozambique,"Cereals, Total",2051314.0,2309623.0,2281500.0,2249812.0,2241940.0,2899371.0
36087,Mozambique,"Cereals, Total",7331.0,6508.0,6619.0,7892.0,8244.0,6721.0
36088,Mozambique,"Cereals, Total",1503910.0,1503088.0,1510100.0,1775517.0,1848259.0,1948665.0
36384,Myanmar,"Cereals, Total",7829643.0,7793489.0,7962231.0,8098221.0,7835648.0,7557116.0
36385,Myanmar,"Cereals, Total",36572.0,36068.0,36435.0,37071.0,36605.0,36459.0
36386,Myanmar,"Cereals, Total",28634816.0,28109553.0,29010461.0,30021245.0,28682554.0,27552568.0
36577,Namibia,"Cereals, Total",306250.0,284437.0,322697.0,304290.0,124429.0,545162.0
36578,Namibia,"Cereals, Total",3707.0,2615.0,4263.0,5025.0,5690.0,3197.0
36579,Namibia,"Cereals, Total",113530.0,74368.0,137559.0,152898.0,70800.0,174280.0
36661,Nauru,"Cereals, Total",,,0.0,0.0,0.0,0.0
36662,Nauru,"Cereals, Total",,,1.0,1.0,0.0,0.0
36948,Nepal,"Cereals, Total",3377036.0,3306316.0,3490663.0,3428987.0,3434603.0,3421390.0
36949,Nepal,"Cereals, Total",27439.0,26054.0,27957.0,29320.0,30936.0,31963.0
36950,Nepal,"Cereals, Total",9266240.0,8614284.0,9758892.0,10053739.0,10625158.0,10935665.0
37314,Netherlands,"Cereals, Total",190986.0,174263.0,158359.0,166380.0,178170.0,172280.0
37315,Netherlands,"Cereals, Total",87528.0,77769.0,87945.0,79051.0,86542.0,79199.0
37316,Netherlands,"Cereals, Total",1671654.0,1355219.0,1392686.0,1315250.0,1541910.0,1364440.0
37481,New Caledonia,"Cereals, Total",1558.0,1537.0,1298.0,1242.0,1201.0,1194.0
37482,New Caledonia,"Cereals, Total",45411.0,57137.0,74006.0,82995.0,74530.0,84799.0
37483,New Caledonia,"Cereals, Total",7075.0,8782.0,9606.0,10308.0,8951.0,10125.0
37824,New Zealand,"Cereals, Total",138865.0,130787.0,110698.0,121249.0,124156.0,112829.0
37825,New Zealand,"Cereals, Total",80266.0,83838.0,84644.0,80642.0,81942.0,90292.0
37826,New Zealand,"Cereals, Total",1114618.0,1096490.0,936994.0,977780.0,1017354.0,1018761.0
38057,Nicaragua,"Cereals, Total",385455.0,482508.0,432035.0,391562.0,411599.0,407063.0
38058,Nicaragua,"Cereals, Total",19404.0,19337.0,21041.0,22818.0,22488.0,22237.0
38059,Nicaragua,"Cereals, Total",747920.0,933034.0,909046.0,893458.0,925610.0,905198.0
38340,Niger,"Cereals, Total",9912802.0,10908801.0,10887900.0,10996435.0,10646140.0,10494230.0
38341,Niger,"Cereals, Total",5513.0,5365.0,5419.0,5547.0,5015.0,5602.0
38342,Niger,"Cereals, Total",5464509.0,5852503.0,5899751.0,6100232.0,5339062.0,5878468.0
38606,Nigeria,"Cereals, Total",17610904.0,19684880.0,20022460.0,20514521.0,20762050.0,20191574.0
38607,Nigeria,"Cereals, Total",14452.0,14409.0,13403.0,13876.0,14422.0,14200.0
38608,Nigeria,"Cereals, Total",25451761.0,28364429.0,26835649.0,28465111.0,29943308.0,28672504.0
39036,North Macedonia,"Cereals, Total",158593.0,166092.0,159492.0,161086.0,158444.0,157972.0
39037,North Macedonia,"Cereals, Total",30511.0,38592.0,28075.0,37146.0,35541.0,36642.0
39038,North Macedonia,"Cereals, Total",483879.0,640978.0,447778.0,598373.0,563118.0,578836.0
39279,Norway,"Cereals, Total",282717.0,285066.0,286602.0,279763.0,273927.0,295260.0
39280,Norway,"Cereals, Total",48030.0,46516.0,45614.0,26562.0,48323.0,41963.0
39281,Norway,"Cereals, Total",1357900.0,1326000.0,1307300.0,743100.0,1323700.0,1239000.0
39475,Oman,"Cereals, Total",5646.0,4889.0,4898.0,4902.0,4940.0,9775.0
39476,Oman,"Cereals, Total",139834.0,129276.0,129465.0,132144.0,132417.0,186241.0
39477,Oman,"Cereals, Total",78950.0,63203.0,63412.0,64777.0,65414.0,182051.0
39856,Pakistan,"Cereals, Total",13961922.0,14087724.0,13928846.0,13735791.0,13893493.0,14082566.0
39857,Pakistan,"Cereals, Total",29424.0,30207.0,31804.0,28872.0,28938.0,30208.0
39858,Pakistan,"Cereals, Total",41081682.0,42555022.0,44299995.0,39658364.0,40205238.0,42540915.0
40170,Palestine,"Cereals, Total",23759.0,23571.0,23695.0,23281.0,23129.0,22784.0
40171,Palestine,"Cereals, Total",21104.0,24491.0,21551.0,21546.0,21907.0,22233.0
40172,Palestine,"Cereals, Total",50142.0,57727.0,51066.0,50162.0,50668.0,50655.0
40391,Panama,"Cereals, Total",159252.0,150493.0,146669.0,148470.0,150981.0,156989.0
40392,Panama,"Cereals, Total",24375.0,29925.0,29554.0,32272.0,32969.0,33742.0
40393,Panama,"Cereals, Total",388183.0,450357.0,433472.0,479139.0,497774.0,529715.0
40619,Papua New Guinea,"Cereals, Total",3831.0,3864.0,3861.0,3822.0,3839.0,3855.0
40620,Papua New Guinea,"Cereals, Total",47481.0,46439.0,46576.0,47221.0,46882.0,46732.0
40621,Papua New Guinea,"Cereals, Total",18190.0,17944.0,17983.0,18048.0,17998.0,18015.0
40917,Paraguay,"Cereals, Total",1709060.0,1641000.0,1621000.0,1673000.0,1763045.0,1791825.0
40918,Paraguay,"Cereals, Total",41489.0,44255.0,44465.0,42257.0,46011.0,47065.0
40919,Paraguay,"Cereals, Total",7090736.0,7262200.0,7207780.0,7069529.0,8112030.0,8433186.0
41353,Peru,"Cereals, Total",1289293.0,1236932.0,1219220.0,1248002.0,1209159.0,1184914.0
41354,Peru,"Cereals, Total",42422.0,41873.0,42164.0,45311.0,43700.0,45629.0
41355,Peru,"Cereals, Total",5469457.0,5179379.0,5140742.0,5654850.0,5284025.0,5406607.0
41725,Philippines,"Cereals, Total",7218289.0,7040630.0,7364502.0,7311944.0,7168317.0,7272793.0
41726,Philippines,"Cereals, Total",35561.0,35290.0,36923.0,36705.0,37379.0,37694.0
41727,Philippines,"Cereals, Total",25669247.0,24846678.0,27191819.0,26838577.0,26794251.0,27413963.0
42141,Poland,"Cereals, Total",7511852.0,7400264.0,7601996.0,7806310.0,7891440.0,7410540.0
42142,Poland,"Cereals, Total",37278.0,40335.0,41996.0,33667.0,36053.0,47048.0
42143,Poland,"Cereals, Total",28002726.0,29849223.0,31924964.0,26281580.0,28450920.0,34865080.0
42585,Portugal,"Cereals, Total",269207.0,257348.0,236552.0,231740.0,226260.0,217780.0
42586,Portugal,"Cereals, Total",46069.0,44224.0,47597.0,48090.0,51440.0,48493.0
42587,Portugal,"Cereals, Total",1240203.0,1138085.0,1125906.0,1114440.0,1163890.0,1056070.0
42819,Puerto Rico,"Cereals, Total",102.0,53.0,60.0,76.0,63.0,66.0
42820,Puerto Rico,"Cereals, Total",30000.0,28302.0,21667.0,25658.0,25079.0,26212.0
42821,Puerto Rico,"Cereals, Total",306.0,150.0,130.0,195.0,158.0,173.0
43011,Qatar,"Cereals, Total",308.0,294.0,275.0,265.0,154.0,214.0
43012,Qatar,"Cereals, Total",58474.0,46837.0,49964.0,87094.0,65649.0,84252.0
43013,Qatar,"Cereals, Total",1801.0,1377.0,1374.0,2308.0,1011.0,1803.0
43349,South Korea,"Cereals, Total",876942.0,858433.0,821756.0,820072.0,806443.0,796116.0
43350,South Korea,"Cereals, Total",68149.0,67927.0,66783.0,66075.0,65384.0,62118.0
43351,South Korea,"Cereals, Total",5976258.0,5831046.0,5487932.0,5418632.0,5272879.0,4945284.0
43665,Moldova,"Cereals, Total",920899.0,923954.0,899764.0,928851.0,906623.0,780710.0
43666,Moldova,"Cereals, Total",23709.0,31973.0,36519.0,36832.0,38590.0,18936.0
43667,Moldova,"Cereals, Total",2183323.0,2954175.0,3285836.0,3421119.0,3498682.0,1478349.0
43939,R�union,"Cereals, Total",,,,,,
43940,R�union,"Cereals, Total",,,,,,
43941,R�union,"Cereals, Total",,,,,,
44377,Romania,"Cereals, Total",5455244.0,5480496.0,5191407.0,5261270.0,5572530.0,5611260.0
44378,Romania,"Cereals, Total",35439.0,39713.0,52277.0,59972.0,54575.0,34527.0
44379,Romania,"Cereals, Total",19332821.0,21764816.0,27138884.0,31552790.0,30411970.0,19373760.0
44766,Russia,"Cereals, Total",42832721.0,44421992.0,44248215.0,41985543.0,43431926.0,44754685.0
44767,Russia,"Cereals, Total",23917.0,26508.0,29672.0,26161.0,27141.0,29056.0
44768,Russia,"Cereals, Total",102444492.0,117753222.0,131294322.0,109838123.0,117876704.0,130037708.0
45030,Rwanda,"Cereals, Total",424571.0,453297.0,493965.0,496074.0,506901.0,516388.0
45031,Rwanda,"Cereals, Total",14458.0,14640.0,12852.0,14338.0,14464.0,14592.0
45032,Rwanda,"Cereals, Total",613825.0,663617.0,634848.0,711287.0,733170.0,753504.0
45385,Saint Lucia,"Cereals, Total",,,,,,
45386,Saint Lucia,"Cereals, Total",,,,,,
45387,Saint Lucia,"Cereals, Total",,,,,,
45583,Saint Vincent and the Grenadines,"Cereals, Total",32.0,35.0,40.0,37.0,32.0,29.0
45584,Saint Vincent and the Grenadines,"Cereals, Total",242188.0,247429.0,282250.0,278378.0,281250.0,292414.0
45585,Saint Vincent and the Grenadines,"Cereals, Total",775.0,866.0,1129.0,1030.0,900.0,848.0
45886,Sao Tome and Principe,"Cereals, Total",405.0,382.0,285.0,464.0,544.0,339.0
45887,Sao Tome and Principe,"Cereals, Total",20321.0,20105.0,20211.0,20280.0,20184.0,20088.0
45888,Sao Tome and Principe,"Cereals, Total",823.0,768.0,576.0,941.0,1098.0,681.0
46106,Saudi Arabia,"Cereals, Total",289608.0,277005.0,265188.0,261370.0,257305.0,242983.0
46107,Saudi Arabia,"Cereals, Total",55828.0,54409.0,56335.0,49002.0,49078.0,48604.0
46108,Saudi Arabia,"Cereals, Total",1616813.0,1507153.0,1493943.0,1280769.0,1262801.0,1180993.0
46387,Senegal,"Cereals, Total",1563993.0,1135676.0,1704719.0,1757142.0,1729125.0,1998542.0
46388,Senegal,"Cereals, Total",13761.0,15732.0,14762.0,16443.0,16013.0,18216.0
46389,Senegal,"Cereals, Total",2152246.0,1786622.0,2516465.0,2889218.0,2768798.0,3640545.0
46706,Serbia,"Cereals, Total",1766780.0,1766713.0,1718505.0,1721071.0,1707342.0,1748752.0
46707,Serbia,"Cereals, Total",47873.0,61659.0,39675.0,61316.0,61272.0,65601.0
46708,Serbia,"Cereals, Total",8458145.0,10893437.0,6818156.0,10552897.0,10461255.0,11472036.0
47025,Serbia and Montenegro,"Cereals, Total",,,,,,
47026,Serbia and Montenegro,"Cereals, Total",,,,,,
47027,Serbia and Montenegro,"Cereals, Total",,,,,,
47370,Sierra Leone,"Cereals, Total",736751.0,901418.0,898882.0,1279550.0,713530.0,717229.0
47371,Sierra Leone,"Cereals, Total",13397.0,10923.0,11408.0,8118.0,15193.0,16317.0
47372,Sierra Leone,"Cereals, Total",987060.0,984599.0,1025442.0,1038738.0,1084057.0,1170307.0
47957,Slovakia,"Cereals, Total",749217.0,753845.0,717472.0,743140.0,769120.0,747320.0
47958,Slovakia,"Cereals, Total",50796.0,64304.0,48560.0,54097.0,53360.0,61298.0
47959,Slovakia,"Cereals, Total",3805712.0,4847544.0,3484061.0,4020160.0,4104050.0,4580900.0
48353,Slovenia,"Cereals, Total",100003.0,99384.0,99498.0,98330.0,98760.0,101380.0
48354,Slovenia,"Cereals, Total",62839.0,64646.0,55400.0,60719.0,65031.0,73927.0
48355,Slovenia,"Cereals, Total",628408.0,642479.0,551216.0,597050.0,642250.0,749470.0
48488,Solomon Is.,"Cereals, Total",1457.0,1415.0,1436.0,1436.0,1429.0,1434.0
48489,Solomon Is.,"Cereals, Total",18792.0,19364.0,19102.0,19046.0,19174.0,19142.0
48490,Solomon Is.,"Cereals, Total",2738.0,2740.0,2743.0,2735.0,2740.0,2745.0
48678,Somalia,"Cereals, Total",447104.0,280701.0,344561.0,330709.0,353929.0,354266.0
48679,Somalia,"Cereals, Total",5938.0,5074.0,5070.0,7092.0,5208.0,5003.0
48680,Somalia,"Cereals, Total",265481.0,142414.0,174691.0,234527.0,184325.0,177226.0
49042,South Africa,"Cereals, Total",3362325.0,2667709.0,3307689.0,3031436.0,3086586.0,3372793.0
49043,South Africa,"Cereals, Total",35416.0,38212.0,57020.0,49388.0,43166.0,54072.0
49044,South Africa,"Cereals, Total",11908002.0,10193885.0,18860592.0,14971803.0,13323672.0,18237226.0
49297,South Sudan,"Cereals, Total",662826.0,556631.0,652741.0,636629.0,700352.0,755610.0
49298,South Sudan,"Cereals, Total",13880.0,14821.0,11704.0,11702.0,11680.0,11567.0
49299,South Sudan,"Cereals, Total",920000.0,825000.0,764000.0,745000.0,818000.0,874000.0
49803,Spain,"Cereals, Total",6212892.0,6203674.0,6011747.0,6027610.0,5975710.0,6069230.0
49804,Spain,"Cereals, Total",32431.0,38778.0,27702.0,42055.0,34455.0,45015.0
49805,Spain,"Cereals, Total",20149310.0,24056790.0,16653669.0,25348920.0,20589030.0,27320900.0
50092,Sri Lanka,"Cereals, Total",1312233.0,1215182.0,844329.0,1111987.0,1021215.0,1144961.0
50093,Sri Lanka,"Cereals, Total",38493.0,38453.0,30546.0,37771.0,47374.0,47468.0
50094,Sri Lanka,"Cereals, Total",5051181.0,4672771.0,2579086.0,4200098.0,4837907.0,5434887.0
50365,Sudan,"Cereals, Total",7174020.0,12424860.0,9185905.0,12127530.0,10183520.0,8570751.0
50366,Sudan,"Cereals, Total",5699.0,6848.0,6038.0,7306.0,5529.0,4459.0
50367,Sudan,"Cereals, Total",4088600.0,8509000.0,5546184.0,8860000.0,5630000.0,3821458.0
50653,Sudan (former),"Cereals, Total",,,,,,
50654,Sudan (former),"Cereals, Total",,,,,,
50655,Sudan (former),"Cereals, Total",,,,,,
50859,Suriname,"Cereals, Total",59283.0,62749.0,59340.0,56282.0,60239.0,61639.0
50860,Suriname,"Cereals, Total",45296.0,44330.0,48790.0,48684.0,45553.0,46376.0
50861,Suriname,"Cereals, Total",268529.0,278166.0,289517.0,274001.0,274408.0,285858.0
51192,Sweden,"Cereals, Total",1017980.0,1001680.0,992871.0,922110.0,977050.0,993340.0
51193,Sweden,"Cereals, Total",60536.0,54382.0,59923.0,35355.0,62921.0,59944.0
51194,Sweden,"Cereals, Total",6162400.0,5447300.0,5949600.0,3260100.0,6147700.0,5954500.0
51530,Switzerland,"Cereals, Total",141474.0,144314.0,143615.0,141355.0,140925.0,144241.0
51531,Switzerland,"Cereals, Total",64319.0,51546.0,68002.0,63323.0,65981.0,69869.0
51532,Switzerland,"Cereals, Total",909943.0,743880.0,976614.0,895098.0,929844.0,1007794.0
51926,Syria,"Cereals, Total",3112096.0,2572801.0,2378984.0,2311953.0,2884320.0,2904797.0
51927,Syria,"Cereals, Total",12774.0,11772.0,12334.0,7500.0,22038.0,18324.0
51928,Syria,"Cereals, Total",3975474.0,3028655.0,2934172.0,1733868.0,6356573.0,5322612.0
52187,Tajikistan,"Cereals, Total",406030.0,408238.0,394714.0,358021.0,367471.0,365900.0
52188,Tajikistan,"Cereals, Total",32610.0,33487.0,34595.0,34044.0,36367.0,35005.0
52189,Tajikistan,"Cereals, Total",1324045.0,1367078.0,1365515.0,1218840.0,1336388.0,1280841.0
52564,Thailand,"Cereals, Total",11116700.0,11990618.0,12034241.0,12013884.0,11122986.0,11774365.0
52565,Thailand,"Cereals, Total",29587.0,30588.0,31723.0,31520.0,30217.0,30157.0
52566,Thailand,"Cereals, Total",32890605.0,36677357.0,38175650.0,37867955.0,33610006.0,35507800.0
52779,Timor-Leste,"Cereals, Total",82407.0,60970.0,53051.0,54214.0,54984.0,50174.0
52780,Timor-Leste,"Cereals, Total",25957.0,25679.0,26598.0,26925.0,28372.0,28700.0
52781,Timor-Leste,"Cereals, Total",213902.0,156565.0,141105.0,145970.0,156000.0,144000.0
53013,Togo,"Cereals, Total",1010956.0,1117554.0,1144144.0,1169323.0,1200694.0,1157970.0
53014,Togo,"Cereals, Total",12362.0,11308.0,11372.0,11452.0,11430.0,11723.0
53015,Togo,"Cereals, Total",1249728.0,1263762.0,1301069.0,1339107.0,1372361.0,1357456.0
53458,Trinidad and Tobago,"Cereals, Total",4899.0,3831.0,3489.0,3206.0,5000.0,5000.0
53459,Trinidad and Tobago,"Cereals, Total",11104.0,14445.0,16237.0,15349.0,11150.0,11468.0
53460,Trinidad and Tobago,"Cereals, Total",5440.0,5534.0,5665.0,4921.0,5575.0,5734.0
53838,Tunisia,"Cereals, Total",1214999.0,859542.0,1254126.0,1178462.0,1244477.0,1179086.0
53839,Tunisia,"Cereals, Total",11027.0,15412.0,13059.0,12255.0,19501.0,13271.0
53840,Tunisia,"Cereals, Total",1339798.0,1324695.0,1637768.0,1444244.0,2426801.0,1564798.0
54327,Turkey,"Cereals, Total",11679276.0,11359619.0,11090361.0,10871307.0,10746739.0,11128065.0
54328,Turkey,"Cereals, Total",33078.0,31054.0,32574.0,31639.0,32008.0,33415.0
54329,Turkey,"Cereals, Total",38632438.0,35276615.0,36126157.0,34395628.0,34398698.0,37184688.0
54537,Turkmenistan,"Cereals, Total",1337873.0,1268624.0,1099892.0,938717.0,1076413.0,1003323.0
54538,Turkmenistan,"Cereals, Total",12086.0,14189.0,10851.0,12668.0,15701.0,15280.0
54539,Turkmenistan,"Cereals, Total",1617000.0,1800000.0,1193502.0,1189149.0,1690057.0,1533057.0
54828,Uganda,"Cereals, Total",1782799.0,1536380.0,1515684.0,1781318.0,1810512.0,1532076.0
54829,Uganda,"Cereals, Total",20868.0,21342.0,22517.0,22878.0,23607.0,22429.0
54830,Uganda,"Cereals, Total",3720394.0,3278888.0,3412916.0,4075377.0,4274000.0,3436305.0
55238,Ukraine,"Cereals, Total",14399520.0,14020400.0,14061510.0,14243027.0,14946723.0,14977576.0
55239,Ukraine,"Cereals, Total",41409.0,46516.0,43158.0,48522.0,49805.0,42959.0
55240,Ukraine,"Cereals, Total",59627180.0,65217850.0,60686540.0,69110544.0,74442198.0,64342357.0
55448,United Arab Emirates,"Cereals, Total",105.0,179.0,557.0,392.0,1094.0,614.0
55449,United Arab Emirates,"Cereals, Total",351905.0,334525.0,307774.0,208418.0,238318.0,260228.0
55450,United Arab Emirates,"Cereals, Total",3695.0,5988.0,17143.0,8170.0,26072.0,15978.0
55714,United Kingdom,"Cereals, Total",3099217.0,3127630.0,3181631.0,3105815.0,3211351.0,3038280.0
55715,United Kingdom,"Cereals, Total",79809.0,70226.0,72290.0,67887.0,79460.0,62410.0
55716,United Kingdom,"Cereals, Total",24734564.0,21964131.0,23000066.0,21084346.0,25517303.0,18961989.0
56056,Tanzania,"Cereals, Total",6217515.0,6111197.0,6114903.0,5583835.0,5523440.0,6904447.0
56057,Tanzania,"Cereals, Total",14494.0,15704.0,16920.0,19389.0,18838.0,18094.0
56058,Tanzania,"Cereals, Total",9011918.0,9597278.0,10346519.0,10826645.0,10404922.0,12492601.0
56504,United States of America,"Cereals, Total",58124740.0,58445763.0,53165235.0,53649052.0,52572211.0,53195570.0
56505,United States of America,"Cereals, Total",74301.0,86142.0,82812.0,81961.0,80056.0,81750.0
56506,United States of America,"Cereals, Total",431870371.0,503466147.0,440272862.0,439711070.0,420873484.0,434875197.0
56793,Uruguay,"Cereals, Total",868938.0,759687.0,705107.0,637840.0,669023.0,705866.0
56794,Uruguay,"Cereals, Total",41429.0,47667.0,50562.0,39404.0,53285.0,49627.0
56795,Uruguay,"Cereals, Total",3599919.0,3621182.0,3565191.0,2513346.0,3564871.0,3503020.0
57174,USSR,"Cereals, Total",,,,,,
57175,USSR,"Cereals, Total",,,,,,
57176,USSR,"Cereals, Total",,,,,,
57555,Uzbekistan,"Cereals, Total",1651800.0,1663564.0,1623208.0,1489910.0,1517228.0,1563230.0
57556,Uzbekistan,"Cereals, Total",48517.0,48569.0,43323.0,41542.0,46108.0,45557.0
57557,Uzbekistan,"Cereals, Total",8014002.0,8079775.0,7032268.0,6189407.0,6995666.0,7121545.0
57685,Vanuatu,"Cereals, Total",1454.0,1474.0,1485.0,1490.0,1495.0,1503.0
57686,Vanuatu,"Cereals, Total",6011.0,6018.0,6121.0,6161.0,6201.0,6241.0
57687,Vanuatu,"Cereals, Total",874.0,887.0,909.0,918.0,927.0,938.0
57991,Venezuela,"Cereals, Total",654509.0,602938.0,613524.0,624279.0,649740.0,580454.0
57992,Venezuela,"Cereals, Total",35057.0,34582.0,31227.0,40383.0,32672.0,34738.0
57993,Venezuela,"Cereals, Total",2294532.0,2085076.0,1915874.0,2521022.0,2122842.0,2016380.0
58255,Vietnam,"Cereals, Total",8994332.0,8887980.0,8809968.0,8605201.0,8438272.0,8163525.0
58256,Vietnam,"Cereals, Total",56012.0,54410.0,54344.0,56854.0,57158.0,57966.0
58257,Vietnam,"Cereals, Total",50379410.0,48359870.0,47877218.0,48923674.0,48231532.0,47320537.0
58556,Yemen,"Cereals, Total",585658.0,519765.0,512659.0,504737.0,528078.0,536626.0
58557,Yemen,"Cereals, Total",7842.0,6870.0,6990.0,6828.0,8649.0,8339.0
58558,Yemen,"Cereals, Total",459246.0,357068.0,358355.0,344648.0,456714.0,447496.0
58908,Yugoslav SFR,"Cereals, Total",,,,,,
58909,Yugoslav SFR,"Cereals, Total",,,,,,
58910,Yugoslav SFR,"Cereals, Total",,,,,,
59140,Zambia,"Cereals, Total",958286.0,1279027.0,1564347.0,1200536.0,927182.0,1486294.0
59141,Zambia,"Cereals, Total",30264.0,24322.0,24899.0,21682.0,23977.0,24796.0
59142,Zambia,"Cereals, Total",2900164.0,3110868.0,3895117.0,2602943.0,2223127.0,3685484.0
59510,Zimbabwe,"Cereals, Total",1435446.0,1555271.0,1453383.0,1430844.0,567142.0,1486227.0
59511,Zimbabwe,"Cereals, Total",5575.0,4351.0,12027.0,12422.0,11737.0,10752.0
59512,Zimbabwe,"Cereals, Total",800286.0,676748.0,1748001.0,1777331.0,665633.0,1598038.0
