,Area,longitude,latitude,Item,Element,Unit,Y2015,Y2016,Y2017,Y2018,Y2019,Y2020
200,Afghanistan,67.709953,33.93911,"Cereals, Total",Production,tonnes,5808288.0,5532695.0,4894365.0,4134191.0,5583461.0,6025977.0
534,Albania,20.168331,41.153332,"Cereals, Total",Production,tonnes,695000.0,698430.0,701734.0,678196.0,666065.0,684023.0
877,Algeria,1.659626,28.033886,"Cereals, Total",Production,tonnes,3761230.0,3445228.0,3478161.0,6066235.0,5633586.0,4393322.0
1098,Angola,17.873887,-11.202692,"Cereals, Total",Production,tonnes,2019544.0,2363287.0,2496354.0,2876750.0,2920433.0,2427955.0
1290,Antigua and Barbuda,-61.796428,17.060816,"Cereals, Total",Production,tonnes,75.0,65.0,59.0,54.0,48.0,11.0
1678,Argentina,-63.616672,-38.416097,"Cereals, Total",Production,tonnes,55980088.0,61148033.0,76397805.0,70592400.0,84534610.0,86573396.0
1941,Armenia,45.038189,40.069099,"Cereals, Total",Production,tonnes,595757.0,598966.0,298029.0,334342.0,195063.0,242012.0
2351,Australia,133.775136,-25.274398,"Cereals, Total",Production,tonnes,37195915.0,35229824.0,50049336.0,33860457.0,29236374.0,26613793.0
2737,Austria,14.550072,47.516231,"Cereals, Total",Production,tonnes,4853896.0,5701698.0,4874849.0,4787200.0,5399310.0,5649770.0
3059,Azerbaijan,47.576927,40.143105,"Cereals, Total",Production,tonnes,2898559.0,2965670.0,2824527.0,3181819.0,3416765.0,3151182.0
3240,Bahamas,-77.39628,25.03428,"Cereals, Total",Production,tonnes,597.0,659.0,648.0,634.0,647.0,643.0
3732,Bangladesh,90.356331,23.684994,"Cereals, Total",Production,tonnes,55438379.0,54262297.0,58495624.0,58812144.0,59182139.0,59960399.0
3930,Barbados,-59.543198,13.193887,"Cereals, Total",Production,tonnes,122.0,96.0,74.0,109.0,42.0,12.0
4196,Belarus,27.953389,53.709807,"Cereals, Total",Production,tonnes,8186980.0,7075658.0,7529412.0,5813781.0,6991979.0,8403688.0
4556,Belgium,4.469936,50.503887,"Cereals, Total",Production,tonnes,3163733.0,2287774.0,2764392.0,2431020.0,2814390.0,2565860.0
5082,Belize,-88.49765,17.189877,"Cereals, Total",Production,tonnes,80959.0,91557.0,118376.0,99341.0,85114.0,112007.0
5323,Benin,2.315834,9.30769,"Cereals, Total",Production,tonnes,1643227.0,1814289.0,1897504.0,2320756.0,2177783.0,2203105.0
5589,Bhutan,90.433601,27.514162,"Cereals, Total",Production,tonnes,175635.0,176187.0,192689.0,125751.0,103293.0,103298.0
5953,Bolivia,-63.588653,-16.290154,"Cereals, Total",Production,tonnes,2934919.0,2660808.0,2278993.0,3267427.0,2912082.0,2914459.0
6281,Bosnia and Herz.,17.679076,43.915886,"Cereals, Total",Production,tonnes,1137236.0,1657556.0,1167005.0,1743762.0,1666131.0,1944178.0
6471,Botswana,24.684866,-22.328474,"Cereals, Total",Production,tonnes,43967.0,47045.0,23376.0,80978.0,48548.0,162158.0
6848,Brazil,-51.92528,-14.235004,"Cereals, Total",Production,tonnes,106026685.0,84166682.0,117977014.0,103260129.0,121202845.0,125568280.0
7047,Brunei,114.727669,4.535277,"Cereals, Total",Production,tonnes,1983.0,1579.0,1527.0,1569.0,1500.0,2511.0
7526,Bulgaria,25.48583,42.733883,"Cereals, Total",Production,tonnes,8570299.0,8752219.0,9475846.0,10109850.0,11130990.0,8598290.0
7773,Burkina Faso,-1.561593,12.238333,"Cereals, Total",Production,tonnes,4189665.0,4567066.0,4063197.0,5180702.0,4939630.0,5122798.0
7992,Burundi,29.918886,-3.373056,"Cereals, Total",Production,tonnes,259662.0,467751.0,375075.0,459525.0,546812.0,466067.0
8372,Cambodia,104.990963,12.565679,"Cereals, Total",Production,tonnes,9735000.0,10615000.0,11268000.0,12124000.0,11781000.0,11910000.0
8698,Cameroon,12.354722,7.369722,"Cereals, Total",Production,tonnes,3645513.0,3820815.0,3623844.0,3697407.0,3718722.0,3733173.0
9019,Canada,-106.346771,56.130366,"Cereals, Total",Production,tonnes,53563000.0,58905768.0,56770935.0,58726900.0,61473900.0,65013700.0
9237,Central African Rep.,20.939444,6.611111,"Cereals, Total",Production,tonnes,131506.0,142936.0,142000.0,142000.0,140211.0,136095.0
9448,Chad,18.732207,15.454166,"Cereals, Total",Production,tonnes,2452528.0,2873660.0,2716901.0,3021972.0,2925292.0,2882262.0
9806,Chile,-71.542969,-35.675147,"Cereals, Total",Production,tonnes,3788922.0,3872403.0,3471368.0,3660144.0,3294526.0,2759792.0
11206,China,104.195397,35.86166,"Cereals, Total",Production,tonnes,618165315.0,614697470.0,614076812.0,608917809.0,612794486.0,615518145.0
11586,Taiwan,120.960515,23.69781,"Cereals, Total",Production,tonnes,1758161.0,1758649.0,1947667.0,2133874.0,1977974.0,1964833.0
11972,Colombia,-74.297333,4.570868,"Cereals, Total",Production,tonnes,3998890.0,4396731.0,4647650.0,4349018.0,4434081.0,4925126.0
12135,Comoros,43.872219,-11.875001,"Cereals, Total",Production,tonnes,36500.0,37300.0,36666.0,36822.0,36929.0,36806.0
12367,Congo,15.827659,-0.228021,"Cereals, Total",Production,tonnes,27621.0,28897.0,29798.0,29950.0,31272.0,30347.0
12804,Costa Rica,-83.753428,9.748917,"Cereals, Total",Production,tonnes,203816.0,213880.0,159571.0,197701.0,170322.0,151685.0
13099,CÃ´te d'Ivoire,-5.54708,7.539989,"Cereals, Total",Production,tonnes,3308600.0,3159200.0,3290400.0,3214062.0,3139196.0,2817182.0
13490,Croatia,15.2,45.1,"Cereals, Total",Production,tonnes,2802791.0,3573872.0,2659648.0,3243520.0,3513320.0,3746320.0
13761,Cuba,-77.781167,21.521757,"Cereals, Total",Production,tonnes,791666.0,930968.0,786203.0,812374.0,703097.0,525731.0
14150,Cyprus,33.429859,35.126413,"Cereals, Total",Production,tonnes,88127.0,10161.0,35836.0,25290.0,61280.0,75720.0
14546,Czechia,15.472962,49.817492,"Cereals, Total",Production,tonnes,8187774.0,8600551.0,7460864.0,6970920.0,7646150.0,8126660.0
15114,North Korea,127.510093,40.339852,"Cereals, Total",Production,tonnes,4481458.0,4975484.0,4844635.0,4235335.0,5703884.0,4662527.0
15386,Dem. Rep. Congo,21.758664,-4.038333,"Cereals, Total",Production,tonnes,3120940.0,3267141.0,3460783.0,3535639.0,3579216.0,3551147.0
15715,Denmark,9.501785,56.26392,"Cereals, Total",Production,tonnes,10047500.0,9154326.0,10027261.0,6923900.0,9517830.0,9467690.0
15845,Djibouti,42.590275,11.825138,"Cereals, Total",Production,tonnes,18.0,17.0,17.0,17.0,17.0,17.0
16033,Dominica,-61.370976,15.414999,"Cereals, Total",Production,tonnes,189.0,188.0,192.0,192.0,193.0,193.0
16324,Dominican Rep.,-70.162651,18.735693,"Cereals, Total",Production,tonnes,941950.0,899525.0,950213.0,1010916.0,970003.0,993899.0
16714,Ecuador,-78.183406,-1.831239,"Cereals, Total",Production,tonnes,3565065.0,2676163.0,2537922.0,2710163.0,2617067.0,2689665.0
17123,Egypt,30.802498,26.820553,"Cereals, Total",Production,tonnes,23141275.0,23385497.0,22920861.0,17562759.0,21913681.0,22320185.0
17387,El Salvador,-88.89653,13.794185,"Cereals, Total",Production,tonnes,854471.0,1072962.0,1030124.0,817563.0,921410.0,1019000.0
17680,Eritrea,39.782334,15.179384,"Cereals, Total",Production,tonnes,306990.0,303673.0,304923.0,305195.0,304597.0,304905.0
18023,Estonia,25.013607,58.595272,"Cereals, Total",Production,tonnes,1535300.0,934051.0,1311893.0,919830.0,1624580.0,1632790.0
18587,Ethiopia,40.489673,9.145,"Cereals, Total",Production,tonnes,25837228.0,26587342.0,28763752.0,28364295.0,29672647.0,30248751.0
19169,Fiji,179.414413,-16.578193,"Cereals, Total",Production,tonnes,7428.0,9541.0,10067.0,8283.0,7172.0,9936.0
19492,Finland,25.748151,61.92411,"Cereals, Total",Production,tonnes,3685494.0,3566470.0,3421643.0,2768190.0,4036110.0,3415550.0
19950,France,2.213749,46.227638,"Cereals, Total",Production,tonnes,72875853.0,54398704.0,68730245.0,61839480.0,70378890.0,56849840.0
20503,Gabon,11.609444,-0.803689,"Cereals, Total",Production,tonnes,45415.0,46000.0,46854.0,46089.0,46314.0,46419.0
20660,Gambia,-15.310139,13.443182,"Cereals, Total",Production,tonnes,206609.0,179272.0,132939.0,112365.0,104778.0,173776.0
20950,Georgia,43.356892,42.315407,"Cereals, Total",Production,tonnes,363416.0,431207.0,295251.0,370928.0,371431.0,412339.0
21348,Germany,10.451526,51.165691,"Cereals, Total",Production,tonnes,48866800.0,45364400.0,45556800.0,37948100.0,44302400.0,43265100.0
21616,Ghana,-1.023194,7.946527,"Cereals, Total",Production,tonnes,2753194.0,2798251.0,3126784.0,3573625.0,4360040.0,4570041.0
22087,Greece,21.824312,39.074208,"Cereals, Total",Production,tonnes,4297232.0,3962383.0,3682861.0,2993980.0,2944220.0,3105370.0
22313,Grenada,-61.604171,12.262776,"Cereals, Total",Production,tonnes,354.0,388.0,384.0,376.0,383.0,381.0
22553,Guadeloupe,-62.067641,16.995971,"Cereals, Total",Production,tonnes,,,,,,
22871,Guatemala,-90.230759,15.783471,"Cereals, Total",Production,tonnes,1938866.0,1986485.0,2037704.0,2065221.0,1957346.0,1984853.0
23099,Guinea,-9.696645,9.945587,"Cereals, Total",Production,tonnes,3532856.0,3648811.0,3774616.0,3911040.0,4286357.0,4666854.0
23298,Guinea-Bissau,-15.180413,11.803749,"Cereals, Total",Production,tonnes,208495.0,225627.0,211238.0,224596.0,238628.0,252629.0
23548,Guyana,-58.93018,4.860416,"Cereals, Total",Production,tonnes,691784.0,538450.0,634104.0,968472.0,686418.0,691539.0
23818,Haiti,-72.285215,18.971187,"Cereals, Total",Production,tonnes,503125.0,485572.0,484000.0,415370.0,389868.0,370000.0
24103,Honduras,-86.241905,15.199999,"Cereals, Total",Production,tonnes,729021.0,701830.0,765611.0,791207.0,667782.0,753676.0
24559,Hungary,19.503304,47.162494,"Cereals, Total",Production,tonnes,14145172.0,16643885.0,14017280.0,14885530.0,15650010.0,15566640.0
24713,Iceland,-19.020835,64.963051,"Cereals, Total",Production,tonnes,4637.0,7389.0,7400.0,3900.0,7900.0,7287.0
25118,India,78.96288,20.593684,"Cereals, Total",Production,tonnes,284333000.0,297850000.0,310782330.0,321556400.0,324300640.0,335035000.0
25465,Indonesia,113.921327,-0.789275,"Cereals, Total",Production,tonnes,80643435.0,77609413.0,84176015.0,89454472.0,77190033.0,77149202.0
25910,Iran,53.688046,32.427908,"Cereals, Total",Production,tonnes,18255385.0,22419771.0,18113760.0,18650827.0,22555476.0,22012721.0
26245,Iraq,43.679291,33.223191,"Cereals, Total",Production,tonnes,3471116.0,4007685.0,3735255.0,2615277.0,6913550.0,8885242.0
26568,Ireland,-8.24389,53.41291,"Cereals, Total",Production,tonnes,2635749.0,2312985.0,2394646.0,1784900.0,2267990.0,1892640.0
26954,Israel,34.851612,31.046051,"Cereals, Total",Production,tonnes,321746.0,262284.0,173798.0,150693.0,184118.0,245755.0
27437,Italy,12.56738,41.87194,"Cereals, Total",Production,tonnes,17694875.0,18219221.0,16251718.0,16548350.0,16363450.0,16945440.0
27720,Jamaica,-77.297508,18.109581,"Cereals, Total",Production,tonnes,2365.0,2354.0,2540.0,2177.0,2059.0,2018.0
28121,Japan,138.252924,36.204824,"Cereals, Total",Production,tonnes,12141378.0,11924735.0,11903638.0,11575317.0,11830030.0,10922778.0
28457,Jordan,36.238414,30.585164,"Cereals, Total",Production,tonnes,95323.0,99170.0,99289.0,84784.0,114217.0,95201.0
28808,Kazakhstan,66.923684,48.019573,"Cereals, Total",Production,tonnes,18585932.0,20410625.0,20129018.0,20014092.0,17497097.0,20179388.0
29220,Kenya,37.906193,-0.023559,"Cereals, Total",Production,tonnes,4523083.0,3892022.0,3711085.0,4805973.0,4621302.0,4881292.0
29493,Kuwait,47.481766,29.31166,"Cereals, Total",Production,tonnes,9312.0,5257.0,6103.0,11217.0,31382.0,20688.0
29853,Kyrgyzstan,74.766098,41.20438,"Cereals, Total",Production,tonnes,1753400.0,1763628.0,1720954.0,1783480.0,1823520.0,1901476.0
30082,Laos,102.495496,19.85627,"Cereals, Total",Production,tonnes,5618250.0,5701160.0,5232304.0,4566380.0,4328125.0,4837336.0
30429,Latvia,24.603189,56.879635,"Cereals, Total",Production,tonnes,3021500.0,2703200.0,2692500.0,2057300.0,3163200.0,3497100.0
30758,Lebanon,35.862285,33.854721,"Cereals, Total",Production,tonnes,180116.0,181184.0,166851.0,163620.0,175491.0,174469.0
30899,Lesotho,28.233608,-29.609988,"Cereals, Total",Production,tonnes,83010.0,25862.0,216192.0,158029.0,35279.0,98821.0
31072,Liberia,-9.429499,6.428055,"Cereals, Total",Production,tonnes,296000.0,335180.0,247495.0,257995.0,269000.0,270000.0
31331,Libya,17.228331,26.3351,"Cereals, Total",Production,tonnes,254600.0,299288.0,209417.0,279435.0,219380.0,209411.0
31714,Lithuania,23.881275,55.169438,"Cereals, Total",Production,tonnes,6066749.0,5120821.0,5074188.0,3999510.0,5207890.0,6544720.0
32033,Luxembourg,6.129583,49.815273,"Cereals, Total",Production,tonnes,176516.0,139262.0,149291.0,157630.0,163590.0,146230.0
32394,Madagascar,46.869107,-18.766947,"Cereals, Total",Production,tonnes,4057987.0,4138500.0,3888312.0,4251342.0,4456721.0,4459253.0
32709,Malawi,34.301525,-13.254308,"Cereals, Total",Production,tonnes,3001731.0,2531749.0,3711454.0,2925168.0,3703148.0,4028212.0
32997,Malaysia,101.975766,4.210484,"Cereals, Total",Production,tonnes,2803864.0,2804473.0,2643074.0,2708109.0,2413368.0,2389843.0
33101,Maldives,73.22068,3.202778,"Cereals, Total",Production,tonnes,197.0,201.0,200.0,202.0,201.0,200.0
33404,Mali,-3.996166,17.570692,"Cereals, Total",Production,tonnes,8055052.0,8849710.0,9296135.0,10159698.0,10451432.0,10352054.0
33735,Malta,14.375416,35.937496,"Cereals, Total",Production,tonnes,12180.0,12759.0,14587.0,0.0,0.0,0.0
34125,Mauritania,-10.940835,21.00789,"Cereals, Total",Production,tonnes,315852.0,308605.0,372303.0,434503.0,479831.0,486125.0
34358,Mauritius,57.552152,-20.348404,"Cereals, Total",Production,tonnes,1108.0,767.0,602.0,406.0,516.0,769.0
34856,Mexico,-102.552784,23.634501,"Cereals, Total",Production,tonnes,34704514.0,38464937.0,37487836.0,36068400.0,36164102.0,36375198.0
35167,Mongolia,103.846656,46.862496,"Cereals, Total",Production,tonnes,219068.0,483453.0,238102.0,453850.0,433306.0,430318.0
35382,Montenegro,19.37439,42.708678,"Cereals, Total",Production,tonnes,6658.0,7020.0,7216.0,7300.0,6990.0,7094.0
35829,Morocco,-7.09262,31.791702,"Cereals, Total",Production,tonnes,11687923.0,3560829.0,9786680.0,10388498.0,5314207.0,3303527.0
36088,Mozambique,35.529562,-18.665695,"Cereals, Total",Production,tonnes,1503910.0,1503088.0,1510100.0,1775517.0,1848259.0,1948665.0
36386,Myanmar,95.956223,21.913965,"Cereals, Total",Production,tonnes,28634816.0,28109553.0,29010461.0,30021245.0,28682554.0,27552568.0
36579,Namibia,18.49041,-22.95764,"Cereals, Total",Production,tonnes,113530.0,74368.0,137559.0,152898.0,70800.0,174280.0
36662,Nauru,166.931503,-0.522778,"Cereals, Total",Production,tonnes,,,1.0,1.0,0.0,0.0
36950,Nepal,84.124008,28.394857,"Cereals, Total",Production,tonnes,9266240.0,8614284.0,9758892.0,10053739.0,10625158.0,10935665.0
37316,Netherlands,5.291266,52.132633,"Cereals, Total",Production,tonnes,1671654.0,1355219.0,1392686.0,1315250.0,1541910.0,1364440.0
37483,New Caledonia,165.618042,-20.904305,"Cereals, Total",Production,tonnes,7075.0,8782.0,9606.0,10308.0,8951.0,10125.0
37826,New Zealand,174.885971,-40.900557,"Cereals, Total",Production,tonnes,1114618.0,1096490.0,936994.0,977780.0,1017354.0,1018761.0
38059,Nicaragua,-85.207229,12.865416,"Cereals, Total",Production,tonnes,747920.0,933034.0,909046.0,893458.0,925610.0,905198.0
38342,Niger,8.081666,17.607789,"Cereals, Total",Production,tonnes,5464509.0,5852503.0,5899751.0,6100232.0,5339062.0,5878468.0
38608,Nigeria,8.675277,9.081999,"Cereals, Total",Production,tonnes,25451761.0,28364429.0,26835649.0,28465111.0,29943308.0,28672504.0
39281,Norway,8.468946,60.472024,"Cereals, Total",Production,tonnes,1357900.0,1326000.0,1307300.0,743100.0,1323700.0,1239000.0
39477,Oman,55.923255,21.512583,"Cereals, Total",Production,tonnes,78950.0,63203.0,63412.0,64777.0,65414.0,182051.0
39858,Pakistan,69.345116,30.375321,"Cereals, Total",Production,tonnes,41081682.0,42555022.0,44299995.0,39658364.0,40205238.0,42540915.0
40172,Palestine,35.233154,31.952162,"Cereals, Total",Production,tonnes,50142.0,57727.0,51066.0,50162.0,50668.0,50655.0
40393,Panama,-80.782127,8.537981,"Cereals, Total",Production,tonnes,388183.0,450357.0,433472.0,479139.0,497774.0,529715.0
40621,Papua New Guinea,143.95555,-6.314993,"Cereals, Total",Production,tonnes,18190.0,17944.0,17983.0,18048.0,17998.0,18015.0
40919,Paraguay,-58.443832,-23.442503,"Cereals, Total",Production,tonnes,7090736.0,7262200.0,7207780.0,7069529.0,8112030.0,8433186.0
41355,Peru,-75.015152,-9.189967,"Cereals, Total",Production,tonnes,5469457.0,5179379.0,5140742.0,5654850.0,5284025.0,5406607.0
41727,Philippines,121.774017,12.879721,"Cereals, Total",Production,tonnes,25669247.0,24846678.0,27191819.0,26838577.0,26794251.0,27413963.0
42143,Poland,19.145136,51.919438,"Cereals, Total",Production,tonnes,28002726.0,29849223.0,31924964.0,26281580.0,28450920.0,34865080.0
42587,Portugal,-8.224454,39.399872,"Cereals, Total",Production,tonnes,1240203.0,1138085.0,1125906.0,1114440.0,1163890.0,1056070.0
42821,Puerto Rico,-66.590149,18.220833,"Cereals, Total",Production,tonnes,306.0,150.0,130.0,195.0,158.0,173.0
43013,Qatar,51.183884,25.354826,"Cereals, Total",Production,tonnes,1801.0,1377.0,1374.0,2308.0,1011.0,1803.0
43351,South Korea,127.766922,35.907757,"Cereals, Total",Production,tonnes,5976258.0,5831046.0,5487932.0,5418632.0,5272879.0,4945284.0
43667,Moldova,28.369885,47.411631,"Cereals, Total",Production,tonnes,2183323.0,2954175.0,3285836.0,3421119.0,3498682.0,1478349.0
44379,Romania,24.96676,45.943161,"Cereals, Total",Production,tonnes,19332821.0,21764816.0,27138884.0,31552790.0,30411970.0,19373760.0
44768,Russia,105.318756,61.52401,"Cereals, Total",Production,tonnes,102444492.0,117753222.0,131294322.0,109838123.0,117876704.0,130037708.0
45032,Rwanda,29.873888,-1.940278,"Cereals, Total",Production,tonnes,613825.0,663617.0,634848.0,711287.0,733170.0,753504.0
45387,Saint Lucia,-60.978893,13.909444,"Cereals, Total",Production,tonnes,,,,,,
45585,Saint Vincent and the Grenadines,-61.287228,12.984305,"Cereals, Total",Production,tonnes,775.0,866.0,1129.0,1030.0,900.0,848.0
46108,Saudi Arabia,45.079162,23.885942,"Cereals, Total",Production,tonnes,1616813.0,1507153.0,1493943.0,1280769.0,1262801.0,1180993.0
46389,Senegal,-14.452362,14.497401,"Cereals, Total",Production,tonnes,2152246.0,1786622.0,2516465.0,2889218.0,2768798.0,3640545.0
46708,Serbia,21.005859,44.016521,"Cereals, Total",Production,tonnes,8458145.0,10893437.0,6818156.0,10552897.0,10461255.0,11472036.0
47372,Sierra Leone,-11.779889,8.460555,"Cereals, Total",Production,tonnes,987060.0,984599.0,1025442.0,1038738.0,1084057.0,1170307.0
47959,Slovakia,19.699024,48.669026,"Cereals, Total",Production,tonnes,3805712.0,4847544.0,3484061.0,4020160.0,4104050.0,4580900.0
48355,Slovenia,14.995463,46.151241,"Cereals, Total",Production,tonnes,628408.0,642479.0,551216.0,597050.0,642250.0,749470.0
48490,Solomon Is.,160.156194,-9.64571,"Cereals, Total",Production,tonnes,2738.0,2740.0,2743.0,2735.0,2740.0,2745.0
48680,Somalia,46.199616,5.152149,"Cereals, Total",Production,tonnes,265481.0,142414.0,174691.0,234527.0,184325.0,177226.0
49044,South Africa,22.937506,-30.559482,"Cereals, Total",Production,tonnes,11908002.0,10193885.0,18860592.0,14971803.0,13323672.0,18237226.0
49805,Spain,-3.74922,40.463667,"Cereals, Total",Production,tonnes,20149310.0,24056790.0,16653669.0,25348920.0,20589030.0,27320900.0
50094,Sri Lanka,80.771797,7.873054,"Cereals, Total",Production,tonnes,5051181.0,4672771.0,2579086.0,4200098.0,4837907.0,5434887.0
50367,Sudan,30.217636,12.862807,"Cereals, Total",Production,tonnes,4088600.0,8509000.0,5546184.0,8860000.0,5630000.0,3821458.0
50861,Suriname,-56.027783,3.919305,"Cereals, Total",Production,tonnes,268529.0,278166.0,289517.0,274001.0,274408.0,285858.0
51194,Sweden,18.643501,60.128161,"Cereals, Total",Production,tonnes,6162400.0,5447300.0,5949600.0,3260100.0,6147700.0,5954500.0
51532,Switzerland,8.227512,46.818188,"Cereals, Total",Production,tonnes,909943.0,743880.0,976614.0,895098.0,929844.0,1007794.0
51928,Syria,38.996815,34.802075,"Cereals, Total",Production,tonnes,3975474.0,3028655.0,2934172.0,1733868.0,6356573.0,5322612.0
52189,Tajikistan,71.276093,38.861034,"Cereals, Total",Production,tonnes,1324045.0,1367078.0,1365515.0,1218840.0,1336388.0,1280841.0
52566,Thailand,100.992541,15.870032,"Cereals, Total",Production,tonnes,32890605.0,36677357.0,38175650.0,37867955.0,33610006.0,35507800.0
52781,Timor-Leste,125.727539,-8.874217,"Cereals, Total",Production,tonnes,213902.0,156565.0,141105.0,145970.0,156000.0,144000.0
53015,Togo,0.824782,8.619543,"Cereals, Total",Production,tonnes,1249728.0,1263762.0,1301069.0,1339107.0,1372361.0,1357456.0
53460,Trinidad and Tobago,-61.222503,10.691803,"Cereals, Total",Production,tonnes,5440.0,5534.0,5665.0,4921.0,5575.0,5734.0
53840,Tunisia,9.537499,33.886917,"Cereals, Total",Production,tonnes,1339798.0,1324695.0,1637768.0,1444244.0,2426801.0,1564798.0
54329,Turkey,35.243322,38.963745,"Cereals, Total",Production,tonnes,38632438.0,35276615.0,36126157.0,34395628.0,34398698.0,37184688.0
54539,Turkmenistan,59.556278,38.969719,"Cereals, Total",Production,tonnes,1617000.0,1800000.0,1193502.0,1189149.0,1690057.0,1533057.0
54830,Uganda,32.290275,1.373333,"Cereals, Total",Production,tonnes,3720394.0,3278888.0,3412916.0,4075377.0,4274000.0,3436305.0
55240,Ukraine,31.16558,48.379433,"Cereals, Total",Production,tonnes,59627180.0,65217850.0,60686540.0,69110544.0,74442198.0,64342357.0
55450,United Arab Emirates,53.847818,23.424076,"Cereals, Total",Production,tonnes,3695.0,5988.0,17143.0,8170.0,26072.0,15978.0
55716,United Kingdom,-3.435973,55.378051,"Cereals, Total",Production,tonnes,24734564.0,21964131.0,23000066.0,21084346.0,25517303.0,18961989.0
56058,Tanzania,34.888822,-6.369028,"Cereals, Total",Production,tonnes,9011918.0,9597278.0,10346519.0,10826645.0,10404922.0,12492601.0
56506,United States of America,-95.712891,37.09024,"Cereals, Total",Production,tonnes,431870371.0,503466147.0,440272862.0,439711070.0,420873484.0,434875197.0
56795,Uruguay,-55.765835,-32.522779,"Cereals, Total",Production,tonnes,3599919.0,3621182.0,3565191.0,2513346.0,3564871.0,3503020.0
57557,Uzbekistan,64.585262,41.377491,"Cereals, Total",Production,tonnes,8014002.0,8079775.0,7032268.0,6189407.0,6995666.0,7121545.0
57687,Vanuatu,166.959158,-15.376706,"Cereals, Total",Production,tonnes,874.0,887.0,909.0,918.0,927.0,938.0
57993,Venezuela,-66.58973,6.42375,"Cereals, Total",Production,tonnes,2294532.0,2085076.0,1915874.0,2521022.0,2122842.0,2016380.0
58257,Vietnam,108.277199,14.058324,"Cereals, Total",Production,tonnes,50379410.0,48359870.0,47877218.0,48923674.0,48231532.0,47320537.0
58558,Yemen,48.516388,15.552727,"Cereals, Total",Production,tonnes,459246.0,357068.0,358355.0,344648.0,456714.0,447496.0
59142,Zambia,27.849332,-13.133897,"Cereals, Total",Production,tonnes,2900164.0,3110868.0,3895117.0,2602943.0,2223127.0,3685484.0
59512,Zimbabwe,29.154857,-19.015438,"Cereals, Total",Production,tonnes,800286.0,676748.0,1748001.0,1777331.0,665633.0,1598038.0
